dateiname;bytes;sha256;dublettengruppe;alte_url;neue_url
10169_01.jpg;105815;25b2c2e96a0511711d521083f7074c70b6c057f1679708eceaafdcc8f546a6f3;10169_01.jpg;https://raw.githubusercontent.com/grey8187/Billbee-Bilder/main/10169_01.jpg;https://www.stegplattenversand.de/bilder/10169_01.jpg
10251_01.jpg;113198;fb71177aa8bddce02b1f313e79b2cd46fcad9ec785a15176ec247d92707c1bac;10251_01.jpg;https://raw.githubusercontent.com/grey8187/Billbee-Bilder/main/10251_01.jpg;https://www.stegplattenversand.de/bilder/10251_01.jpg
10333_01.jpg;53323;20c6c5dd6735d6b98677ba2a8550335bf6ac8fea556523aa23be0f8dbd2df2b1;10333_01.jpg;https://raw.githubusercontent.com/grey8187/Billbee-Bilder/main/10333_01.jpg;https://www.stegplattenversand.de/bilder/10333_01.jpg
10406_01.jpg;112763;ac91e49ffcbfcd977bfd416c60b4226f5b250c9c9c031a51296e3711fa5284ca;10406_01.jpg;https://raw.githubusercontent.com/grey8187/Billbee-Bilder/main/10406_01.jpg;https://www.stegplattenversand.de/bilder/10406_01.jpg
105791_01.jpg;36619;27a83d84b5447535c722a2130e119ba51c8cd05670d0361892c0393c3041af72;105791_01.jpg;https://raw.githubusercontent.com/grey8187/Billbee-Bilder/main/105791_01.jpg;https://www.stegplattenversand.de/bilder/105791_01.jpg
105791_02.jpg;53496;5a17d1fd7bc2f22e5261a033c950269a6d6302012859d0bfa7ce57bd9217362f;105791_02.jpg;https://raw.githubusercontent.com/grey8187/Billbee-Bilder/main/105791_02.jpg;https://www.stegplattenversand.de/bilder/105791_02.jpg
10633_01.jpg;113087;2a5dbf0fd20cd5cb49a59ea3bd05e1743da5ecbc4adce1b745bf4d24b2d03f5d;10633_01.jpg;https://raw.githubusercontent.com/grey8187/Billbee-Bilder/main/10633_01.jpg;https://www.stegplattenversand.de/bilder/10633_01.jpg
10715_01.jpg;108651;67d1e8871a1dbaa12f0f3bf9a40d2ecd4100f40ebfbf3d69a5ee5a0f07492448;10715_01.jpg;https://raw.githubusercontent.com/grey8187/Billbee-Bilder/main/10715_01.jpg;https://www.stegplattenversand.de/bilder/10715_01.jpg
10797_01.jpg;84120;712ff0147958fad7ea07fa6b4712980109e9506f1c88fe57bd9b7cc9d1b7a025;10797_01.jpg;https://raw.githubusercontent.com/grey8187/Billbee-Bilder/main/10797_01.jpg;https://www.stegplattenversand.de/bilder/10797_01.jpg
11596_01.jpg;49577;74a3762b942820455083d7f6cffecd7a03c3a872fba85e7c91bbcf8304c89a63;11596_01.jpg;https://raw.githubusercontent.com/grey8187/Billbee-Bilder/main/11596_01.jpg;https://www.stegplattenversand.de/bilder/11596_01.jpg
1308_01.jpg;115307;f1a4e851456469ff1751158d4652f3495925ee882fa9fb4f10ec50e6d69917ca;1308_01.jpg;https://raw.githubusercontent.com/grey8187/Billbee-Bilder/main/1308_01.jpg;https://www.stegplattenversand.de/bilder/1308_01.jpg
1511_01.jpg;101871;3b78109d6355c5c0674ef268d4cd486456ec8d4445c9c9067301417e913426c1;1511_01.jpg;https://raw.githubusercontent.com/grey8187/Billbee-Bilder/main/1511_01.jpg;https://www.stegplattenversand.de/bilder/1511_01.jpg
225527_01.jpg;19555;215de9e7daa7c0ef022012dd48b26bd14c90ca07f5b8e76b6753334a3205c8cf;225527_01.jpg;https://raw.githubusercontent.com/grey8187/Billbee-Bilder/main/225527_01.jpg;https://www.stegplattenversand.de/bilder/225527_01.jpg
225527_02.jpg;118667;9e2e8d4b41f81ce1eb6de6d6588005e69156b13854ed46e1c9ff6e0f7c5ea26a;225527_02.jpg;https://raw.githubusercontent.com/grey8187/Billbee-Bilder/main/225527_02.jpg;https://www.stegplattenversand.de/bilder/225527_02.jpg
225527_03.jpg;113029;1697e60f7d90f14ec6bb15d2392a20ec78926c038d8f5980d2ecf19b300c7952;225527_03.jpg;https://raw.githubusercontent.com/grey8187/Billbee-Bilder/main/225527_03.jpg;https://www.stegplattenversand.de/bilder/225527_03.jpg
225528_01.jpg;10006;0596cdad269f7585f073958ca294d54bf2f43877a3d740f9224ed177cbb3e231;225528_01.jpg;https://raw.githubusercontent.com/grey8187/Billbee-Bilder/main/225528_01.jpg;https://www.stegplattenversand.de/bilder/225528_01.jpg
225529_01.png;54248;aacbbddb8ff4c5333d5a5f0cc38df2c3835fbe4e5d7b4f81b5d2bcbb61b7a175;225529_01.png;https://raw.githubusercontent.com/grey8187/Billbee-Bilder/main/225529_01.png;https://www.stegplattenversand.de/bilder/225529_01.png
225530_01.jpg;15324;3c884575ab6c63664f22654697852412bc30f7fa62e63f22513257ac4a26e216;225530_01.jpg;https://raw.githubusercontent.com/grey8187/Billbee-Bilder/main/225530_01.jpg;https://www.stegplattenversand.de/bilder/225530_01.jpg
22781_01.jpg;120283;7a5ee04bbec8bf8a2c8be9e9ce94db6fc9959774b68a2d69e54b4bb935361162;22781_01.jpg;https://raw.githubusercontent.com/grey8187/Billbee-Bilder/main/22781_01.jpg;https://www.stegplattenversand.de/bilder/22781_01.jpg
22781_02.jpg;268966;90c61821136719cc12181fa77925bd6807b901ef69ea49dc3ce3d4ca1e6be52b;22781_02.jpg;https://raw.githubusercontent.com/grey8187/Billbee-Bilder/main/22781_02.jpg;https://www.stegplattenversand.de/bilder/22781_02.jpg
233187_01.jpg;83289;e4de58cdda7e810f458b2d5ab39894fbd9fe949a4a075b25408a16f09eaa1e23;233187_01.jpg;https://raw.githubusercontent.com/grey8187/Billbee-Bilder/main/233187_01.jpg;https://www.stegplattenversand.de/bilder/233187_01.jpg
2346_01.jpg;87322;28a1a7ebb96d5bed70fcfdd19baa0564c128f98cf3d5ed8a0d4358121566c810;2346_01.jpg;https://raw.githubusercontent.com/grey8187/Billbee-Bilder/main/2346_01.jpg;https://www.stegplattenversand.de/bilder/2346_01.jpg
2346_02.jpg;35625;77c28dfc18aa98d5d4c6b3649a93359b64e80514430210cb6e4973fb3f6d3449;2346_02.jpg;https://raw.githubusercontent.com/grey8187/Billbee-Bilder/main/2346_02.jpg;https://www.stegplattenversand.de/bilder/2346_02.jpg
2346_03.png;2758;cafd432a8b859303ceb3907cc971c5a7eddcff2da580fef0577f033c89560ff2;2346_03.png;https://raw.githubusercontent.com/grey8187/Billbee-Bilder/main/2346_03.png;https://www.stegplattenversand.de/bilder/2346_03.png
2468_01.jpg;109415;1280a083f7b2b1f1702fada8dd8bd17172baf565d3f7abbcc08706c65ef0c5b4;2468_01.jpg;https://raw.githubusercontent.com/grey8187/Billbee-Bilder/main/2468_01.jpg;https://www.stegplattenversand.de/bilder/2468_01.jpg
25320_01.jpg;179314;069b4b36c7f4db4f31b76882f658e15389355f679584ee60f804fba7702bcf47;25320_01.jpg;https://raw.githubusercontent.com/grey8187/Billbee-Bilder/main/25320_01.jpg;https://www.stegplattenversand.de/bilder/25320_01.jpg
25320_02.png;2283;b417be5dbfc8e9c56f56811f784192af04f9b990d8e3f697111506867905c6cf;25320_02.png;https://raw.githubusercontent.com/grey8187/Billbee-Bilder/main/25320_02.png;https://www.stegplattenversand.de/bilder/25320_02.png
25395_01.jpg;151291;ba3db21385cbf6faf35bc9ec4f0d66d90cfc52fb652ebfab13da5780187ec583;25395_01.jpg;https://raw.githubusercontent.com/grey8187/Billbee-Bilder/main/25395_01.jpg;https://www.stegplattenversand.de/bilder/25395_01.jpg
25395_02.png;2400;f9bb3d68751b7317a450d73073223580a4374c38f84341d45b0b4cda5cf53b3a;25395_02.png;https://raw.githubusercontent.com/grey8187/Billbee-Bilder/main/25395_02.png;https://www.stegplattenversand.de/bilder/25395_02.png
25593_01.jpg;25266;02df94a5a7aef504ccc53bb036d247f077c3b2a602e00dfb470cb79e4ed92b16;25593_01.jpg;https://raw.githubusercontent.com/grey8187/Billbee-Bilder/main/25593_01.jpg;https://www.stegplattenversand.de/bilder/25593_01.jpg
2583_01.jpg;94706;d3d01131821ba657088355e8e901d1ad15bfd4dc9d797caa5720ce207df6c326;2583_01.jpg;https://raw.githubusercontent.com/grey8187/Billbee-Bilder/main/2583_01.jpg;https://www.stegplattenversand.de/bilder/2583_01.jpg
264121_01.jpg;92405;1f9e3141f42a9f143d21d420a4e24e0dc1f19f2299140c678081073fa3883640;264121_01.jpg;https://raw.githubusercontent.com/grey8187/Billbee-Bilder/main/264121_01.jpg;https://www.stegplattenversand.de/bilder/264121_01.jpg
264121_02.jpg;35625;77c28dfc18aa98d5d4c6b3649a93359b64e80514430210cb6e4973fb3f6d3449;2346_02.jpg;https://raw.githubusercontent.com/grey8187/Billbee-Bilder/main/264121_02.jpg;https://www.stegplattenversand.de/bilder/264121_02.jpg
264506_01.jpg;93641;78a9cd1cb5f0c6cdc1233e0ff71b68b60073f09aa9d457d7be4aec881ca8a0a6;264506_01.jpg;https://raw.githubusercontent.com/grey8187/Billbee-Bilder/main/264506_01.jpg;https://www.stegplattenversand.de/bilder/264506_01.jpg
2711_01.jpg;89861;9a8c1cd40ee06fd2a921d6f3de2cc5d191f5c8fd7738698861d361ddd9b59346;2711_01.jpg;https://raw.githubusercontent.com/grey8187/Billbee-Bilder/main/2711_01.jpg;https://www.stegplattenversand.de/bilder/2711_01.jpg
2769_01.jpg;103769;98e1bbf73e9af0ae04d3475c94b57bad63171ef66b21dda01c5924fa38c726e6;2769_01.jpg;https://raw.githubusercontent.com/grey8187/Billbee-Bilder/main/2769_01.jpg;https://www.stegplattenversand.de/bilder/2769_01.jpg
3032_01.jpg;211196;ea540e4409630cbf13946c769f74581c6c88092180029fa814cdaf960146d415;3032_01.jpg;https://raw.githubusercontent.com/grey8187/Billbee-Bilder/main/3032_01.jpg;https://www.stegplattenversand.de/bilder/3032_01.jpg
3385_01.jpg;77328;520b1047c75347d14185269c11b3e42d265538eaecefe25d813f7a304b10f552;3385_01.jpg;https://raw.githubusercontent.com/grey8187/Billbee-Bilder/main/3385_01.jpg;https://www.stegplattenversand.de/bilder/3385_01.jpg
3447_01.jpg;29481;7f02914c29b564d3cd693304933a3630bfd450229b08838bff3b7b0dfcfddb82;3447_01.jpg;https://raw.githubusercontent.com/grey8187/Billbee-Bilder/main/3447_01.jpg;https://www.stegplattenversand.de/bilder/3447_01.jpg
35041_01.jpg;68827;06635e02796d85f787a49d94aede2106080b3d135da46f24e448ed297841267d;35041_01.jpg;https://raw.githubusercontent.com/grey8187/Billbee-Bilder/main/35041_01.jpg;https://www.stegplattenversand.de/bilder/35041_01.jpg
35120_01.jpg;68827;06635e02796d85f787a49d94aede2106080b3d135da46f24e448ed297841267d;35041_01.jpg;https://raw.githubusercontent.com/grey8187/Billbee-Bilder/main/35120_01.jpg;https://www.stegplattenversand.de/bilder/35120_01.jpg
387545_01.jpg;107984;d1c93a4fed58773cf6b9898096857d08ba118cf8473acbba69c44c0fb9c937d3;387545_01.jpg;https://raw.githubusercontent.com/grey8187/Billbee-Bilder/main/387545_01.jpg;https://www.stegplattenversand.de/bilder/387545_01.jpg
387545_02.jpg;35625;77c28dfc18aa98d5d4c6b3649a93359b64e80514430210cb6e4973fb3f6d3449;2346_02.jpg;https://raw.githubusercontent.com/grey8187/Billbee-Bilder/main/387545_02.jpg;https://www.stegplattenversand.de/bilder/387545_02.jpg
387811_01.jpg;123525;10d66394e6bf67e6ae427d0602d2a61a31e59cd34e5a178855fb8cd6fba5f8bb;387811_01.jpg;https://raw.githubusercontent.com/grey8187/Billbee-Bilder/main/387811_01.jpg;https://www.stegplattenversand.de/bilder/387811_01.jpg
3977_01.jpg;112725;5b3dbf41d57f0c093f59dd29007b1234e39326e1d644028de65fc70547d8731b;3977_01.jpg;https://raw.githubusercontent.com/grey8187/Billbee-Bilder/main/3977_01.jpg;https://www.stegplattenversand.de/bilder/3977_01.jpg
40025_01.jpg;148418;0ec8c6a9f731a06d22bf13e73ad8b0d53797b840b325cdb4a55626d8bdf295c1;40025_01.jpg;https://raw.githubusercontent.com/grey8187/Billbee-Bilder/main/40025_01.jpg;https://www.stegplattenversand.de/bilder/40025_01.jpg
402071_01.jpg;13421;3f28ea84863dbbaf65d520daf939002ca57cda2cbee1000e11efc54426fda156;402071_01.jpg;https://raw.githubusercontent.com/grey8187/Billbee-Bilder/main/402071_01.jpg;https://www.stegplattenversand.de/bilder/402071_01.jpg
402270_01.jpg;58836;abe5f59f7bf275389b3dd5f60da6470fff79f6aa8abd6e3dc8ec1931290e5a90;402270_01.jpg;https://raw.githubusercontent.com/grey8187/Billbee-Bilder/main/402270_01.jpg;https://www.stegplattenversand.de/bilder/402270_01.jpg
402293_01.jpg;133040;6734f79d17b18cbd6fd633fa25928631e75467f3b1ef242a6a0ce8597afe870f;402293_01.jpg;https://raw.githubusercontent.com/grey8187/Billbee-Bilder/main/402293_01.jpg;https://www.stegplattenversand.de/bilder/402293_01.jpg
403098_01.jpg;54214;a6228f556bbbf9687c658039a4c346d78aea004d4b2a811f9ce02e1587dd2c64;403098_01.jpg;https://raw.githubusercontent.com/grey8187/Billbee-Bilder/main/403098_01.jpg;https://www.stegplattenversand.de/bilder/403098_01.jpg
403224_01.jpg;35399;40f54e232dc17400079862294ebaabededbdc9544b6563ac5e89e483185679d6;403224_01.jpg;https://raw.githubusercontent.com/grey8187/Billbee-Bilder/main/403224_01.jpg;https://www.stegplattenversand.de/bilder/403224_01.jpg
403242_01.jpg;77944;989d0ee9a71e410fe9e7f45b9ec8c8f5e3e176215df944d6172da7f6c486b3dc;403242_01.jpg;https://raw.githubusercontent.com/grey8187/Billbee-Bilder/main/403242_01.jpg;https://www.stegplattenversand.de/bilder/403242_01.jpg
403305_01.jpg;39843;3063f76b55b9d80715d811c9b490c5bce06596c9f620ffc595bfd8916d61d55b;403305_01.jpg;https://raw.githubusercontent.com/grey8187/Billbee-Bilder/main/403305_01.jpg;https://www.stegplattenversand.de/bilder/403305_01.jpg
403369_01.jpg;39843;3063f76b55b9d80715d811c9b490c5bce06596c9f620ffc595bfd8916d61d55b;403305_01.jpg;https://raw.githubusercontent.com/grey8187/Billbee-Bilder/main/403369_01.jpg;https://www.stegplattenversand.de/bilder/403369_01.jpg
403369_02.jpg;39843;3063f76b55b9d80715d811c9b490c5bce06596c9f620ffc595bfd8916d61d55b;403305_01.jpg;https://raw.githubusercontent.com/grey8187/Billbee-Bilder/main/403369_02.jpg;https://www.stegplattenversand.de/bilder/403369_02.jpg
403399_01.jpg;90062;619b82d8efa14bfca2b020460a605024096087d17c1f856fb084738495cabb84;403399_01.jpg;https://raw.githubusercontent.com/grey8187/Billbee-Bilder/main/403399_01.jpg;https://www.stegplattenversand.de/bilder/403399_01.jpg
403430_01.jpg;55148;0b2cbaeb77c06fc10439dc5e1a6b4760bbc17c8306556b30aa7336f0a37a4c1e;403430_01.jpg;https://raw.githubusercontent.com/grey8187/Billbee-Bilder/main/403430_01.jpg;https://www.stegplattenversand.de/bilder/403430_01.jpg
403441_01.jpg;58836;abe5f59f7bf275389b3dd5f60da6470fff79f6aa8abd6e3dc8ec1931290e5a90;402270_01.jpg;https://raw.githubusercontent.com/grey8187/Billbee-Bilder/main/403441_01.jpg;https://www.stegplattenversand.de/bilder/403441_01.jpg
404628_01.jpg;159586;77f04e0a6d3a782eb3a7db67c6095ec7f9be02e26551b0a848424e0c198fc102;404628_01.jpg;https://raw.githubusercontent.com/grey8187/Billbee-Bilder/main/404628_01.jpg;https://www.stegplattenversand.de/bilder/404628_01.jpg
404671_01.jpg;62034;ec155c49ce5c653772b74daaef267bf4353d52e5636cfe033351e1739ccb4e84;404671_01.jpg;https://raw.githubusercontent.com/grey8187/Billbee-Bilder/main/404671_01.jpg;https://www.stegplattenversand.de/bilder/404671_01.jpg
405555_01.jpg;185060;84526ff4310bdcf9ef2143b340919768304b1d4b8b00a0e9a466a299738cd265;405555_01.jpg;https://raw.githubusercontent.com/grey8187/Billbee-Bilder/main/405555_01.jpg;https://www.stegplattenversand.de/bilder/405555_01.jpg
407681_01.jpg;19704;0b13e0210af7a866cc84a594fbe76c00c66e5ab20236ec41be1326d3bc09a1ae;407681_01.jpg;https://raw.githubusercontent.com/grey8187/Billbee-Bilder/main/407681_01.jpg;https://www.stegplattenversand.de/bilder/407681_01.jpg
416225_01.jpg;12298;4064a096f0d02da22a3ba0bf3ba9813cc9baa10a5ee8c46a61c5a320c978e8fb;416225_01.jpg;https://raw.githubusercontent.com/grey8187/Billbee-Bilder/main/416225_01.jpg;https://www.stegplattenversand.de/bilder/416225_01.jpg
416575_01.jpg;148410;c9c4ba123cb89c36b932b6da3750b4b9c03ef7de8dca84dc8e7fc2621649967b;416575_01.jpg;https://raw.githubusercontent.com/grey8187/Billbee-Bilder/main/416575_01.jpg;https://www.stegplattenversand.de/bilder/416575_01.jpg
416575_02.jpg;114896;c49ef2e5fc71394e3cf91ec110dc05906cd9ce8cd879beb7016205ea9f62d7f3;416575_02.jpg;https://raw.githubusercontent.com/grey8187/Billbee-Bilder/main/416575_02.jpg;https://www.stegplattenversand.de/bilder/416575_02.jpg
419649_01.jpg;45505;d4aa41b9b1fddd3fc7c396fd9aece5e411ae233564cc8b28ce27aaedd77f8c6f;419649_01.jpg;https://raw.githubusercontent.com/grey8187/Billbee-Bilder/main/419649_01.jpg;https://www.stegplattenversand.de/bilder/419649_01.jpg
421054_01.jpg;99928;93950282695892dcf437e2dc8f6a542f86cade8a52ca87a584c9baa3b7cc6c0e;421054_01.jpg;https://raw.githubusercontent.com/grey8187/Billbee-Bilder/main/421054_01.jpg;https://www.stegplattenversand.de/bilder/421054_01.jpg
421054_02.jpg;65480;4f9aae559756ea17eb843dc333eb155fa3020dbcc5fa1ad1f944d99063bfba7e;421054_02.jpg;https://raw.githubusercontent.com/grey8187/Billbee-Bilder/main/421054_02.jpg;https://www.stegplattenversand.de/bilder/421054_02.jpg
421054_03.jpg;49759;6a45e5543b6f758cea42df25142dce9d6db6f3ecfaa0a561ecbd1e690fc6d861;421054_03.jpg;https://raw.githubusercontent.com/grey8187/Billbee-Bilder/main/421054_03.jpg;https://www.stegplattenversand.de/bilder/421054_03.jpg
421054_04.jpg;66690;c51c51da8fc6ab97ceb24fb587da265784b60c61ff1f72dceb7f6f876e89ce05;421054_04.jpg;https://raw.githubusercontent.com/grey8187/Billbee-Bilder/main/421054_04.jpg;https://www.stegplattenversand.de/bilder/421054_04.jpg
421427_01.jpg;228297;c733c6371eba41a5e8de8ab1804584190c9872d80ac9145b7cd1aa95a5e19e14;421427_01.jpg;https://raw.githubusercontent.com/grey8187/Billbee-Bilder/main/421427_01.jpg;https://www.stegplattenversand.de/bilder/421427_01.jpg
421427_02.jpg;239567;e022b2c1de8b760dede0c70bb814d4f24e31d852312ea06eea08696d27f3ea91;421427_02.jpg;https://raw.githubusercontent.com/grey8187/Billbee-Bilder/main/421427_02.jpg;https://www.stegplattenversand.de/bilder/421427_02.jpg
421427_03.jpg;221385;34011a355d63947eb04c61adb63d8fb36ed9d5e25c88ea5880ea8b650e82c0e6;421427_03.jpg;https://raw.githubusercontent.com/grey8187/Billbee-Bilder/main/421427_03.jpg;https://www.stegplattenversand.de/bilder/421427_03.jpg
421427_04.jpg;387767;fb2b690440493d9dcd87301a9cfd3ad3f69ac3158899890bb9e6481d309f11bb;421427_04.jpg;https://raw.githubusercontent.com/grey8187/Billbee-Bilder/main/421427_04.jpg;https://www.stegplattenversand.de/bilder/421427_04.jpg
421502_01.jpg;221385;34011a355d63947eb04c61adb63d8fb36ed9d5e25c88ea5880ea8b650e82c0e6;421427_03.jpg;https://raw.githubusercontent.com/grey8187/Billbee-Bilder/main/421502_01.jpg;https://www.stegplattenversand.de/bilder/421502_01.jpg
421502_02.jpg;228297;c733c6371eba41a5e8de8ab1804584190c9872d80ac9145b7cd1aa95a5e19e14;421427_01.jpg;https://raw.githubusercontent.com/grey8187/Billbee-Bilder/main/421502_02.jpg;https://www.stegplattenversand.de/bilder/421502_02.jpg
421577_01.jpg;228297;c733c6371eba41a5e8de8ab1804584190c9872d80ac9145b7cd1aa95a5e19e14;421427_01.jpg;https://raw.githubusercontent.com/grey8187/Billbee-Bilder/main/421577_01.jpg;https://www.stegplattenversand.de/bilder/421577_01.jpg
421577_02.jpg;221385;34011a355d63947eb04c61adb63d8fb36ed9d5e25c88ea5880ea8b650e82c0e6;421427_03.jpg;https://raw.githubusercontent.com/grey8187/Billbee-Bilder/main/421577_02.jpg;https://www.stegplattenversand.de/bilder/421577_02.jpg
421708_01.jpg;221290;bb4742e6fa7bf48fe6386fcfc156b66945cfb120660f65525dc3c90bea52ce33;421708_01.jpg;https://raw.githubusercontent.com/grey8187/Billbee-Bilder/main/421708_01.jpg;https://www.stegplattenversand.de/bilder/421708_01.jpg
421801_01.jpg;209880;4627fba707a8cf5aca0f0f6643ca6f65e35f9f8d76c024edcf47cafb452a0ebb;421801_01.jpg;https://raw.githubusercontent.com/grey8187/Billbee-Bilder/main/421801_01.jpg;https://www.stegplattenversand.de/bilder/421801_01.jpg
421876_01.jpg;221290;bb4742e6fa7bf48fe6386fcfc156b66945cfb120660f65525dc3c90bea52ce33;421708_01.jpg;https://raw.githubusercontent.com/grey8187/Billbee-Bilder/main/421876_01.jpg;https://www.stegplattenversand.de/bilder/421876_01.jpg
421951_01.jpg;209880;4627fba707a8cf5aca0f0f6643ca6f65e35f9f8d76c024edcf47cafb452a0ebb;421801_01.jpg;https://raw.githubusercontent.com/grey8187/Billbee-Bilder/main/421951_01.jpg;https://www.stegplattenversand.de/bilder/421951_01.jpg
422027_01.jpg;135659;7cc6a700ca7b60802afae33363f267035ab446762835af8d058c5f6caa1bcb36;422027_01.jpg;https://raw.githubusercontent.com/grey8187/Billbee-Bilder/main/422027_01.jpg;https://www.stegplattenversand.de/bilder/422027_01.jpg
422027_02.jpg;87682;33c0e83a8cdcdea6c2ecdeed7d1b09795903b48449d173f8d0922496177b9960;422027_02.jpg;https://raw.githubusercontent.com/grey8187/Billbee-Bilder/main/422027_02.jpg;https://www.stegplattenversand.de/bilder/422027_02.jpg
422027_03.jpg;90444;0c5baa5be30bd472e716d8d9a555e9ba7f1199ec4dcff1397d021d9a9374e4c1;422027_03.jpg;https://raw.githubusercontent.com/grey8187/Billbee-Bilder/main/422027_03.jpg;https://www.stegplattenversand.de/bilder/422027_03.jpg
422027_04.jpg;145392;47690d4e0c31d0deef72a55ff21e1f3c26c9d0bf04771013352a03ea47a50dd1;422027_04.jpg;https://raw.githubusercontent.com/grey8187/Billbee-Bilder/main/422027_04.jpg;https://www.stegplattenversand.de/bilder/422027_04.jpg
422198_01.jpg;205001;d338a9d9f33bd8e16f3245da5b60d7a0289f55a029dab610876d0b9f3b3f1396;422198_01.jpg;https://raw.githubusercontent.com/grey8187/Billbee-Bilder/main/422198_01.jpg;https://www.stegplattenversand.de/bilder/422198_01.jpg
422279_01.jpg;239567;e022b2c1de8b760dede0c70bb814d4f24e31d852312ea06eea08696d27f3ea91;421427_02.jpg;https://raw.githubusercontent.com/grey8187/Billbee-Bilder/main/422279_01.jpg;https://www.stegplattenversand.de/bilder/422279_01.jpg
422279_02.jpg;387767;fb2b690440493d9dcd87301a9cfd3ad3f69ac3158899890bb9e6481d309f11bb;421427_04.jpg;https://raw.githubusercontent.com/grey8187/Billbee-Bilder/main/422279_02.jpg;https://www.stegplattenversand.de/bilder/422279_02.jpg
422279_03.jpg;264355;170246f8e529240d3f895b09cd3039578a3adf498c669a7b0fae2d705d9dfed9;422279_03.jpg;https://raw.githubusercontent.com/grey8187/Billbee-Bilder/main/422279_03.jpg;https://www.stegplattenversand.de/bilder/422279_03.jpg
422279_04.jpg;206938;bee0e64d9d6488c677d9e381cc64f510383ddb12358d02a65a4d3d336a9040d6;422279_04.jpg;https://raw.githubusercontent.com/grey8187/Billbee-Bilder/main/422279_04.jpg;https://www.stegplattenversand.de/bilder/422279_04.jpg
422392_01.jpg;206938;bee0e64d9d6488c677d9e381cc64f510383ddb12358d02a65a4d3d336a9040d6;422279_04.jpg;https://raw.githubusercontent.com/grey8187/Billbee-Bilder/main/422392_01.jpg;https://www.stegplattenversand.de/bilder/422392_01.jpg
422440_01.jpg;223289;77fef08c804c19db05db064570ad24b996f268e0fb73a4c8bf7b397bf796354c;422440_01.jpg;https://raw.githubusercontent.com/grey8187/Billbee-Bilder/main/422440_01.jpg;https://www.stegplattenversand.de/bilder/422440_01.jpg
422440_02.jpg;226717;45f70335412d88e0a55e3199c98174bfb2669b49b7b9386a46ed30b95cdea94f;422440_02.jpg;https://raw.githubusercontent.com/grey8187/Billbee-Bilder/main/422440_02.jpg;https://www.stegplattenversand.de/bilder/422440_02.jpg
422440_03.jpg;80203;dd33172e74c9fae83c34b6eef8d6bafe3cf83c0b5d256982ae331983bfcae9cd;422440_03.jpg;https://raw.githubusercontent.com/grey8187/Billbee-Bilder/main/422440_03.jpg;https://www.stegplattenversand.de/bilder/422440_03.jpg
422440_04.jpg;239567;e022b2c1de8b760dede0c70bb814d4f24e31d852312ea06eea08696d27f3ea91;421427_02.jpg;https://raw.githubusercontent.com/grey8187/Billbee-Bilder/main/422440_04.jpg;https://www.stegplattenversand.de/bilder/422440_04.jpg
422659_01.jpg;159813;cfde480976eff6468c53b8f2fa13fc3c3bbc02db54ccd8d80410317432a0dd7f;422659_01.jpg;https://raw.githubusercontent.com/grey8187/Billbee-Bilder/main/422659_01.jpg;https://www.stegplattenversand.de/bilder/422659_01.jpg
422765_01.jpg;303426;f4df86c24a91ee29676dcd4b5dabe961d383a649f68b6213b386e1f8bfbd78ff;422765_01.jpg;https://raw.githubusercontent.com/grey8187/Billbee-Bilder/main/422765_01.jpg;https://www.stegplattenversand.de/bilder/422765_01.jpg
422765_02.jpg;126968;dd6da9c1b5494d4b08bc8beeda403db10c1e6406a5394835e57cfd8beda0fd7e;422765_02.jpg;https://raw.githubusercontent.com/grey8187/Billbee-Bilder/main/422765_02.jpg;https://www.stegplattenversand.de/bilder/422765_02.jpg
422765_03.jpg;103112;0b55783b775afee8e6adef5433ef415447130f468d0b926ff4a556552f07fc65;422765_03.jpg;https://raw.githubusercontent.com/grey8187/Billbee-Bilder/main/422765_03.jpg;https://www.stegplattenversand.de/bilder/422765_03.jpg
422765_04.jpg;318870;b455010fa45b324a7e98d488b4f93b3c510d973bfe34b6657ca7c414f12eac3b;422765_04.jpg;https://raw.githubusercontent.com/grey8187/Billbee-Bilder/main/422765_04.jpg;https://www.stegplattenversand.de/bilder/422765_04.jpg
422867_01.jpg;243220;2855589a50c9f1fe114ee46aa4080e622288b9d9e5a73bb399151689b911ebb6;422867_01.jpg;https://raw.githubusercontent.com/grey8187/Billbee-Bilder/main/422867_01.jpg;https://www.stegplattenversand.de/bilder/422867_01.jpg
422867_02.jpg;390689;28d0290a33b4f4d5330d43fbb9f9f2af03f64db0252ac75f3e5459fbfa474db0;422867_02.jpg;https://raw.githubusercontent.com/grey8187/Billbee-Bilder/main/422867_02.jpg;https://www.stegplattenversand.de/bilder/422867_02.jpg
422867_03.jpg;318870;b455010fa45b324a7e98d488b4f93b3c510d973bfe34b6657ca7c414f12eac3b;422765_04.jpg;https://raw.githubusercontent.com/grey8187/Billbee-Bilder/main/422867_03.jpg;https://www.stegplattenversand.de/bilder/422867_03.jpg
422916_01.jpg;243220;2855589a50c9f1fe114ee46aa4080e622288b9d9e5a73bb399151689b911ebb6;422867_01.jpg;https://raw.githubusercontent.com/grey8187/Billbee-Bilder/main/422916_01.jpg;https://www.stegplattenversand.de/bilder/422916_01.jpg
422916_02.jpg;390689;28d0290a33b4f4d5330d43fbb9f9f2af03f64db0252ac75f3e5459fbfa474db0;422867_02.jpg;https://raw.githubusercontent.com/grey8187/Billbee-Bilder/main/422916_02.jpg;https://www.stegplattenversand.de/bilder/422916_02.jpg
422916_03.jpg;318870;b455010fa45b324a7e98d488b4f93b3c510d973bfe34b6657ca7c414f12eac3b;422765_04.jpg;https://raw.githubusercontent.com/grey8187/Billbee-Bilder/main/422916_03.jpg;https://www.stegplattenversand.de/bilder/422916_03.jpg
423160_01.jpg;151030;91855336a0436e1c3f9e35d04d707a37401eebd726c4c64bbbbe022cb517622b;423160_01.jpg;https://raw.githubusercontent.com/grey8187/Billbee-Bilder/main/423160_01.jpg;https://www.stegplattenversand.de/bilder/423160_01.jpg
423160_02.jpg;100952;e626a6f0c169710d009249b55aa42f5e9e56fa535a88cdd14c266abefb47e7a8;423160_02.jpg;https://raw.githubusercontent.com/grey8187/Billbee-Bilder/main/423160_02.jpg;https://www.stegplattenversand.de/bilder/423160_02.jpg
423160_03.jpg;110609;28ba8485015bb4b41e328ec9a602b0b14a712dfce0428da334bf04844dd077e7;423160_03.jpg;https://raw.githubusercontent.com/grey8187/Billbee-Bilder/main/423160_03.jpg;https://www.stegplattenversand.de/bilder/423160_03.jpg
423160_04.jpg;101826;c0efe489d38e1b2c4fcd1fc62375ab34300e9c861a8bfe8bea1a965514de34eb;423160_04.jpg;https://raw.githubusercontent.com/grey8187/Billbee-Bilder/main/423160_04.jpg;https://www.stegplattenversand.de/bilder/423160_04.jpg
423160_05.jpg;33680;5dfc54b51ed86e49eb17d89cb71acb6a3fc92f38baf7fd92cde64eae5e96ff7e;423160_05.jpg;https://raw.githubusercontent.com/grey8187/Billbee-Bilder/main/423160_05.jpg;https://www.stegplattenversand.de/bilder/423160_05.jpg
423361_01.jpg;71421;fd84d25025da66e1477fb1666fb7693f27887a0c2985dae532537500b4fd8932;423361_01.jpg;https://raw.githubusercontent.com/grey8187/Billbee-Bilder/main/423361_01.jpg;https://www.stegplattenversand.de/bilder/423361_01.jpg
423414_01.jpg;181913;0cec18ae46c8ce78b730dd0b7acfe47534f1f81030fe278d9df78aef77eccc18;423414_01.jpg;https://raw.githubusercontent.com/grey8187/Billbee-Bilder/main/423414_01.jpg;https://www.stegplattenversand.de/bilder/423414_01.jpg
4239_01.jpg;110586;051b0b2a2bee696971fcd5508301f231e67255c9e4457ae08034327613ebf898;4239_01.jpg;https://raw.githubusercontent.com/grey8187/Billbee-Bilder/main/4239_01.jpg;https://www.stegplattenversand.de/bilder/4239_01.jpg
424226_01.jpg;79037;e64bef21ae9bbf50ad03f864ace5e5cdea22b72299b54f48d782e332fa088088;424226_01.jpg;https://raw.githubusercontent.com/grey8187/Billbee-Bilder/main/424226_01.jpg;https://www.stegplattenversand.de/bilder/424226_01.jpg
424343_01.jpg;16602;1f32aa184825597768b38b8750af4fb2508d2e1795b6234598f65181fd332df2;424343_01.jpg;https://raw.githubusercontent.com/grey8187/Billbee-Bilder/main/424343_01.jpg;https://www.stegplattenversand.de/bilder/424343_01.jpg
425221_01.jpg;147278;bbf397401a7a9f7343cc1d77de52517f8403b2a2f377bce1c65676fe1425731d;425221_01.jpg;https://raw.githubusercontent.com/grey8187/Billbee-Bilder/main/425221_01.jpg;https://www.stegplattenversand.de/bilder/425221_01.jpg
425221_02.jpg;164738;ea16b94b630eeb80ad48e38038cc03b2cafde21d5eba7e2857fa2c962f27dabe;425221_02.jpg;https://raw.githubusercontent.com/grey8187/Billbee-Bilder/main/425221_02.jpg;https://www.stegplattenversand.de/bilder/425221_02.jpg
425221_03.jpg;87178;fe3812f0c18731ac75682d1e4037414a0d6e174a6b9e7a3c4be74eb6edb0e6c2;425221_03.jpg;https://raw.githubusercontent.com/grey8187/Billbee-Bilder/main/425221_03.jpg;https://www.stegplattenversand.de/bilder/425221_03.jpg
425350_01.jpg;54725;80e28403161ddb3665ff41487abb2512588875a001234ab888d390a747445930;425350_01.jpg;https://raw.githubusercontent.com/grey8187/Billbee-Bilder/main/425350_01.jpg;https://www.stegplattenversand.de/bilder/425350_01.jpg
425809_01.jpg;202787;4aba75ca4948557233ae760efb7445db27c2383f6b8b35d99697d70e82832394;425809_01.jpg;https://raw.githubusercontent.com/grey8187/Billbee-Bilder/main/425809_01.jpg;https://www.stegplattenversand.de/bilder/425809_01.jpg
425809_02.jpg;132022;1c44e85bd991e1c46e519a99e8515d2f14531d2d5f1ec04f3c297d380f216875;425809_02.jpg;https://raw.githubusercontent.com/grey8187/Billbee-Bilder/main/425809_02.jpg;https://www.stegplattenversand.de/bilder/425809_02.jpg
425809_03.jpg;114867;8647f206b907b19d442b8f3848b3b04e7d004c0b51b1a8d8ad1bfe3c7ab5fbaf;425809_03.jpg;https://raw.githubusercontent.com/grey8187/Billbee-Bilder/main/425809_03.jpg;https://www.stegplattenversand.de/bilder/425809_03.jpg
425809_04.jpg;220381;ecdc4ec1b70719ecd4c13aec4fea2223df71ceb7f83b517286f6b3ba9bd89105;425809_04.jpg;https://raw.githubusercontent.com/grey8187/Billbee-Bilder/main/425809_04.jpg;https://www.stegplattenversand.de/bilder/425809_04.jpg
425851_01.jpg;142385;fe519cfb440ed3fa9401fbc6feb069826101e0aaa4c7088a16fb3035604d8ac2;425851_01.jpg;https://raw.githubusercontent.com/grey8187/Billbee-Bilder/main/425851_01.jpg;https://www.stegplattenversand.de/bilder/425851_01.jpg
425949_01.jpg;38687;f3b2aea65c97715ffd555dc4903cfcfa7a63cc21129eeefc685c87259df9d111;425949_01.jpg;https://raw.githubusercontent.com/grey8187/Billbee-Bilder/main/425949_01.jpg;https://www.stegplattenversand.de/bilder/425949_01.jpg
425968_01.jpg;107620;56737e1cd6b4b55098943efcd167e51ded5932a10f450c807ad72d94fbf57aa5;425968_01.jpg;https://raw.githubusercontent.com/grey8187/Billbee-Bilder/main/425968_01.jpg;https://www.stegplattenversand.de/bilder/425968_01.jpg
426705_01.jpg;60196;49f4c77fc92bcdcdb7822e2aba88b5be98ee658f4adf055b74d7ce769bf8b916;426705_01.jpg;https://raw.githubusercontent.com/grey8187/Billbee-Bilder/main/426705_01.jpg;https://www.stegplattenversand.de/bilder/426705_01.jpg
426758_01.jpg;19980;b3bde612052b53bf2a957832d03cda40ce3d3378b662702c193b28f864ce6d5b;426758_01.jpg;https://raw.githubusercontent.com/grey8187/Billbee-Bilder/main/426758_01.jpg;https://www.stegplattenversand.de/bilder/426758_01.jpg
426772_01.jpg;137924;14d426484eda323695faf62b88aeb2c7520f8caecd1f4762d4bda58f2d060446;426772_01.jpg;https://raw.githubusercontent.com/grey8187/Billbee-Bilder/main/426772_01.jpg;https://www.stegplattenversand.de/bilder/426772_01.jpg
426799_01.jpg;45583;0940f644128a6d77db76fd5d410cae2367a1679a69701dd261ec439bb3d72968;426799_01.jpg;https://raw.githubusercontent.com/grey8187/Billbee-Bilder/main/426799_01.jpg;https://www.stegplattenversand.de/bilder/426799_01.jpg
426813_01.jpg;160075;3cb5933433ad0a7cb2f356a874716f5a49c80b3d59ea5ffb459299e6dde0bcad;426813_01.jpg;https://raw.githubusercontent.com/grey8187/Billbee-Bilder/main/426813_01.jpg;https://www.stegplattenversand.de/bilder/426813_01.jpg
426825_01.jpg;103155;39603641fe5f09c68b70a1127d43f1b49ef90b4c7177ced1b5b2cb4c0547d661;426825_01.jpg;https://raw.githubusercontent.com/grey8187/Billbee-Bilder/main/426825_01.jpg;https://www.stegplattenversand.de/bilder/426825_01.jpg
426843_01.jpg;68838;d09e49292f0bb8bcefdcc366e991fce50416b6d25ce0c6076693933935aaecf9;426843_01.jpg;https://raw.githubusercontent.com/grey8187/Billbee-Bilder/main/426843_01.jpg;https://www.stegplattenversand.de/bilder/426843_01.jpg
426855_01.jpg;99062;e4bf8b6fc1dac3679c50e7150c43740d238b46ce0404d81d1805a66f9e86d83a;426855_01.jpg;https://raw.githubusercontent.com/grey8187/Billbee-Bilder/main/426855_01.jpg;https://www.stegplattenversand.de/bilder/426855_01.jpg
427122_01.jpg;52691;4ca1243e13bbf0f5e02b0a1446bfb226ab5113a8047ba4ad8db70e1be952f436;427122_01.jpg;https://raw.githubusercontent.com/grey8187/Billbee-Bilder/main/427122_01.jpg;https://www.stegplattenversand.de/bilder/427122_01.jpg
427157_01.jpg;33205;bc560b818ad2f46841a44b47eb384a29b4d40934250559556f12b0f59c0c3452;427157_01.jpg;https://raw.githubusercontent.com/grey8187/Billbee-Bilder/main/427157_01.jpg;https://www.stegplattenversand.de/bilder/427157_01.jpg
427214_01.jpg;100697;f3c9ccb3b17a5d908c184789ab230b376cd2db7a2ef2bbc9cc6a16713219e434;427214_01.jpg;https://raw.githubusercontent.com/grey8187/Billbee-Bilder/main/427214_01.jpg;https://www.stegplattenversand.de/bilder/427214_01.jpg
427242_01.jpg;64098;81e8f33a3ce12751c49d3b7a92bbb972b4aada8b582492050cf57f2db627d8a8;427242_01.jpg;https://raw.githubusercontent.com/grey8187/Billbee-Bilder/main/427242_01.jpg;https://www.stegplattenversand.de/bilder/427242_01.jpg
427300_01.jpg;205001;d338a9d9f33bd8e16f3245da5b60d7a0289f55a029dab610876d0b9f3b3f1396;422198_01.jpg;https://raw.githubusercontent.com/grey8187/Billbee-Bilder/main/427300_01.jpg;https://www.stegplattenversand.de/bilder/427300_01.jpg
427300_02.jpg;134983;2c03681ab5559c01e116de797f1eca65d2d3d3e769dca4c17e2a9800c0c0fed2;427300_02.jpg;https://raw.githubusercontent.com/grey8187/Billbee-Bilder/main/427300_02.jpg;https://www.stegplattenversand.de/bilder/427300_02.jpg
427300_03.jpg;127249;728bb7dd52b919a66178784b1f54d9290f7cdbf370f0a1b233048b510d421248;427300_03.jpg;https://raw.githubusercontent.com/grey8187/Billbee-Bilder/main/427300_03.jpg;https://www.stegplattenversand.de/bilder/427300_03.jpg
427300_04.jpg;148418;0ec8c6a9f731a06d22bf13e73ad8b0d53797b840b325cdb4a55626d8bdf295c1;40025_01.jpg;https://raw.githubusercontent.com/grey8187/Billbee-Bilder/main/427300_04.jpg;https://www.stegplattenversand.de/bilder/427300_04.jpg
428194_01.jpg;239567;e022b2c1de8b760dede0c70bb814d4f24e31d852312ea06eea08696d27f3ea91;421427_02.jpg;https://raw.githubusercontent.com/grey8187/Billbee-Bilder/main/428194_01.jpg;https://www.stegplattenversand.de/bilder/428194_01.jpg
428194_02.jpg;387767;fb2b690440493d9dcd87301a9cfd3ad3f69ac3158899890bb9e6481d309f11bb;421427_04.jpg;https://raw.githubusercontent.com/grey8187/Billbee-Bilder/main/428194_02.jpg;https://www.stegplattenversand.de/bilder/428194_02.jpg
428695_01.jpg;211894;788a00edbf6c69fa4c6edc85be2eb1d70f083593f2792da3bdbae5777402ba72;428695_01.jpg;https://raw.githubusercontent.com/grey8187/Billbee-Bilder/main/428695_01.jpg;https://www.stegplattenversand.de/bilder/428695_01.jpg
428862_01.jpg;121734;5448951dfd89e0379827ae31904d9ef52c3ecd7ae1c76d5d313d88c5fe7e40c0;428862_01.jpg;https://raw.githubusercontent.com/grey8187/Billbee-Bilder/main/428862_01.jpg;https://www.stegplattenversand.de/bilder/428862_01.jpg
429281_01.jpg;191934;9c3b8f9a92400e81aa80274ff58d08c007460cd8eb641ce87ee14b61f2eaa112;429281_01.jpg;https://raw.githubusercontent.com/grey8187/Billbee-Bilder/main/429281_01.jpg;https://www.stegplattenversand.de/bilder/429281_01.jpg
429281_02.jpg;62062;123ed2fd2079b0386d954d2be0261a697fbf480e0629af5566f8053855e3e6bb;429281_02.jpg;https://raw.githubusercontent.com/grey8187/Billbee-Bilder/main/429281_02.jpg;https://www.stegplattenversand.de/bilder/429281_02.jpg
429281_03.jpg;59339;d53899532e8e687aae4b93600ce6c877779e20aa1120dbd639b4b0c6d19c0329;429281_03.jpg;https://raw.githubusercontent.com/grey8187/Billbee-Bilder/main/429281_03.jpg;https://www.stegplattenversand.de/bilder/429281_03.jpg
4312_01.jpg;111200;71564f5d4fc08b8b900e84e155124e7750faa454b073fb061ce7bf5e95eccb5f;4312_01.jpg;https://raw.githubusercontent.com/grey8187/Billbee-Bilder/main/4312_01.jpg;https://www.stegplattenversand.de/bilder/4312_01.jpg
433177_01.jpg;16602;1f32aa184825597768b38b8750af4fb2508d2e1795b6234598f65181fd332df2;424343_01.jpg;https://raw.githubusercontent.com/grey8187/Billbee-Bilder/main/433177_01.jpg;https://www.stegplattenversand.de/bilder/433177_01.jpg
433246_01.jpg;162198;0789218080112bce539442f47a39a6d04056046fa261ae3885c735d6f36c4a24;433246_01.jpg;https://raw.githubusercontent.com/grey8187/Billbee-Bilder/main/433246_01.jpg;https://www.stegplattenversand.de/bilder/433246_01.jpg
433850_01.jpg;105447;15fa1b1e83245dbe6bdbb808cdce9ae85ff0ab2c79d0c995dc9672446c12cb34;433850_01.jpg;https://raw.githubusercontent.com/grey8187/Billbee-Bilder/main/433850_01.jpg;https://www.stegplattenversand.de/bilder/433850_01.jpg
434077_01.jpg;70035;3940f3c7de94724a057713d45b61357540fa97b3c6a1b324ddff2f5d3a8f8318;434077_01.jpg;https://raw.githubusercontent.com/grey8187/Billbee-Bilder/main/434077_01.jpg;https://www.stegplattenversand.de/bilder/434077_01.jpg
434214_01.jpg;38309;332430bf5dc219c54a7f5305e394777f22019e88186d149d92d95921786f4d16;434214_01.jpg;https://raw.githubusercontent.com/grey8187/Billbee-Bilder/main/434214_01.jpg;https://www.stegplattenversand.de/bilder/434214_01.jpg
434814_01.jpg;130936;386a59b2964cd9c92d6986a6685e8597dcbd83b75ece2274dcf7c2a8a8becc0f;434814_01.jpg;https://raw.githubusercontent.com/grey8187/Billbee-Bilder/main/434814_01.jpg;https://www.stegplattenversand.de/bilder/434814_01.jpg
434928_01.jpg;130936;386a59b2964cd9c92d6986a6685e8597dcbd83b75ece2274dcf7c2a8a8becc0f;434814_01.jpg;https://raw.githubusercontent.com/grey8187/Billbee-Bilder/main/434928_01.jpg;https://www.stegplattenversand.de/bilder/434928_01.jpg
435074_01.jpg;88450;3669e404219f484420ea3b98feb174314911e18862258b1001db582e5183463e;435074_01.jpg;https://raw.githubusercontent.com/grey8187/Billbee-Bilder/main/435074_01.jpg;https://www.stegplattenversand.de/bilder/435074_01.jpg
435156_01.jpg;117662;cd4d01d2de0e0b54d29fed15e29b77690f6408d8e8f4da78514dc884bb22c80a;435156_01.jpg;https://raw.githubusercontent.com/grey8187/Billbee-Bilder/main/435156_01.jpg;https://www.stegplattenversand.de/bilder/435156_01.jpg
435789_01.jpg;13421;3f28ea84863dbbaf65d520daf939002ca57cda2cbee1000e11efc54426fda156;402071_01.jpg;https://raw.githubusercontent.com/grey8187/Billbee-Bilder/main/435789_01.jpg;https://www.stegplattenversand.de/bilder/435789_01.jpg
435843_01.jpg;12298;4064a096f0d02da22a3ba0bf3ba9813cc9baa10a5ee8c46a61c5a320c978e8fb;416225_01.jpg;https://raw.githubusercontent.com/grey8187/Billbee-Bilder/main/435843_01.jpg;https://www.stegplattenversand.de/bilder/435843_01.jpg
435854_01.jpg;25266;02df94a5a7aef504ccc53bb036d247f077c3b2a602e00dfb470cb79e4ed92b16;25593_01.jpg;https://raw.githubusercontent.com/grey8187/Billbee-Bilder/main/435854_01.jpg;https://www.stegplattenversand.de/bilder/435854_01.jpg
435867_01.jpg;79037;e64bef21ae9bbf50ad03f864ace5e5cdea22b72299b54f48d782e332fa088088;424226_01.jpg;https://raw.githubusercontent.com/grey8187/Billbee-Bilder/main/435867_01.jpg;https://www.stegplattenversand.de/bilder/435867_01.jpg
435955_01.jpg;54725;80e28403161ddb3665ff41487abb2512588875a001234ab888d390a747445930;425350_01.jpg;https://raw.githubusercontent.com/grey8187/Billbee-Bilder/main/435955_01.jpg;https://www.stegplattenversand.de/bilder/435955_01.jpg
436029_01.jpg;181913;0cec18ae46c8ce78b730dd0b7acfe47534f1f81030fe278d9df78aef77eccc18;423414_01.jpg;https://raw.githubusercontent.com/grey8187/Billbee-Bilder/main/436029_01.jpg;https://www.stegplattenversand.de/bilder/436029_01.jpg
436029_02.jpg;269184;0e3a34b21016faccd0283157fb74675ecb0095cf151f573c82d9e0d507529abd;436029_02.jpg;https://raw.githubusercontent.com/grey8187/Billbee-Bilder/main/436029_02.jpg;https://www.stegplattenversand.de/bilder/436029_02.jpg
436029_03.jpg;328665;bb1d6e0d8f57285b8fa01383bf02f09e64528bc2d5a8b60c5f914bc8b23b7cb5;436029_03.jpg;https://raw.githubusercontent.com/grey8187/Billbee-Bilder/main/436029_03.jpg;https://www.stegplattenversand.de/bilder/436029_03.jpg
436029_04.jpg;340261;3e07017cf218aa807e30c6884a1c54ff3661965889dc8ec5821a0fb2555f6e05;436029_04.jpg;https://raw.githubusercontent.com/grey8187/Billbee-Bilder/main/436029_04.jpg;https://www.stegplattenversand.de/bilder/436029_04.jpg
436029_05.jpg;33781;25db8d0cb0bfb64bd714c665766c78e9d6a5db9b35960c5c5a4fadcb933f702e;436029_05.jpg;https://raw.githubusercontent.com/grey8187/Billbee-Bilder/main/436029_05.jpg;https://www.stegplattenversand.de/bilder/436029_05.jpg
436029_06.jpg;269184;0e3a34b21016faccd0283157fb74675ecb0095cf151f573c82d9e0d507529abd;436029_02.jpg;https://raw.githubusercontent.com/grey8187/Billbee-Bilder/main/436029_06.jpg;https://www.stegplattenversand.de/bilder/436029_06.jpg
436112_01.jpg;151030;91855336a0436e1c3f9e35d04d707a37401eebd726c4c64bbbbe022cb517622b;423160_01.jpg;https://raw.githubusercontent.com/grey8187/Billbee-Bilder/main/436112_01.jpg;https://www.stegplattenversand.de/bilder/436112_01.jpg
436249_01.jpg;463440;e5927ee456783248638a4c196e2fa2a7dcbf407e3c34dc0628b806d2af668daf;436249_01.jpg;https://raw.githubusercontent.com/grey8187/Billbee-Bilder/main/436249_01.jpg;https://www.stegplattenversand.de/bilder/436249_01.jpg
438004_01.jpg;269865;d29b9466f838442830d13934fafd5655f88f2f760c0cfb07c36990f90fc73d07;438004_01.jpg;https://raw.githubusercontent.com/grey8187/Billbee-Bilder/main/438004_01.jpg;https://www.stegplattenversand.de/bilder/438004_01.jpg
438004_02.png;2758;cafd432a8b859303ceb3907cc971c5a7eddcff2da580fef0577f033c89560ff2;2346_03.png;https://raw.githubusercontent.com/grey8187/Billbee-Bilder/main/438004_02.png;https://www.stegplattenversand.de/bilder/438004_02.png
438619_01.jpg;64532;1996b4279507ba3e8dd80f4cba8ac56158cf962355d3c7529a28b0af6c1100d0;438619_01.jpg;https://raw.githubusercontent.com/grey8187/Billbee-Bilder/main/438619_01.jpg;https://www.stegplattenversand.de/bilder/438619_01.jpg
438619_02.png;2247;e43f372509f0e260991dc9a2351bf132d9a29d8f3e17a4e26caa0594202ed39a;438619_02.png;https://raw.githubusercontent.com/grey8187/Billbee-Bilder/main/438619_02.png;https://www.stegplattenversand.de/bilder/438619_02.png
438620_01.jpg;67737;6016ea913b21afcded4a4f8cdbf34c5e781e6a9a325a8e45c92fb5dddb9ee578;438620_01.jpg;https://raw.githubusercontent.com/grey8187/Billbee-Bilder/main/438620_01.jpg;https://www.stegplattenversand.de/bilder/438620_01.jpg
438620_02.png;2283;b417be5dbfc8e9c56f56811f784192af04f9b990d8e3f697111506867905c6cf;25320_02.png;https://raw.githubusercontent.com/grey8187/Billbee-Bilder/main/438620_02.png;https://www.stegplattenversand.de/bilder/438620_02.png
438621_01.jpg;72958;d5725e7a2bb15efa46e4565f306df02b0058f67e9becb807945edabc9d412da7;438621_01.jpg;https://raw.githubusercontent.com/grey8187/Billbee-Bilder/main/438621_01.jpg;https://www.stegplattenversand.de/bilder/438621_01.jpg
438621_02.png;2400;f9bb3d68751b7317a450d73073223580a4374c38f84341d45b0b4cda5cf53b3a;25395_02.png;https://raw.githubusercontent.com/grey8187/Billbee-Bilder/main/438621_02.png;https://www.stegplattenversand.de/bilder/438621_02.png
438622_01.jpg;187286;1804255b293e7ec44c18f025746bbc737cf307537944a16b472bd5f2f0c70b36;438622_01.jpg;https://raw.githubusercontent.com/grey8187/Billbee-Bilder/main/438622_01.jpg;https://www.stegplattenversand.de/bilder/438622_01.jpg
438622_02.jpg;73862;e447e7c2cc5b9f8ef3765e5c8685776db8e5949c79940167c81cc8bd7345d5f4;438622_02.jpg;https://raw.githubusercontent.com/grey8187/Billbee-Bilder/main/438622_02.jpg;https://www.stegplattenversand.de/bilder/438622_02.jpg
438622_03.jpg;94859;7a0ab92a533dcb7f29c860269ef5bdae6a299fb9246581e0e01357faa0b5019f;438622_03.jpg;https://raw.githubusercontent.com/grey8187/Billbee-Bilder/main/438622_03.jpg;https://www.stegplattenversand.de/bilder/438622_03.jpg
438622_04.png;2454;429f28366aafebde82b84c6db64d65ca6bf3f6c85073b15b965c3b14019c9f1b;438622_04.png;https://raw.githubusercontent.com/grey8187/Billbee-Bilder/main/438622_04.png;https://www.stegplattenversand.de/bilder/438622_04.png
438623_01.jpg;327220;47f5ec59f6d016e6ed46edca22ff1b8261463bcfd2d9204fc944c1c767bf807c;438623_01.jpg;https://raw.githubusercontent.com/grey8187/Billbee-Bilder/main/438623_01.jpg;https://www.stegplattenversand.de/bilder/438623_01.jpg
438623_02.jpg;372714;cb425c925b70edfde1e0422f74139dff950ca06bfaa2464144951a0a1f79d35f;438623_02.jpg;https://raw.githubusercontent.com/grey8187/Billbee-Bilder/main/438623_02.jpg;https://www.stegplattenversand.de/bilder/438623_02.jpg
438623_03.jpg;37763;80a67cb666f1f82700ebc6e52f31a8127c7d581972d7dc94593d8a6db558f21f;438623_03.jpg;https://raw.githubusercontent.com/grey8187/Billbee-Bilder/main/438623_03.jpg;https://www.stegplattenversand.de/bilder/438623_03.jpg
438623_04.png;7704;d2464fa2a5abc75b5b1442b79ae4c929f7ce9fc9831a936edd1419ba4917836f;438623_04.png;https://raw.githubusercontent.com/grey8187/Billbee-Bilder/main/438623_04.png;https://www.stegplattenversand.de/bilder/438623_04.png
438624_01.jpg;307337;c6fab959181f276b4016676a2e4e75fd02587c5b0c843893f9fd9a918a29d4c0;438624_01.jpg;https://raw.githubusercontent.com/grey8187/Billbee-Bilder/main/438624_01.jpg;https://www.stegplattenversand.de/bilder/438624_01.jpg
438624_02.jpg;234413;427c8bba99b3eba8b35d485b28f69fc8ac94328394daa7170d8db875950f362d;438624_02.jpg;https://raw.githubusercontent.com/grey8187/Billbee-Bilder/main/438624_02.jpg;https://www.stegplattenversand.de/bilder/438624_02.jpg
438624_03.jpg;99563;11e5e1cd4cf202c2d9be6fee48752b4636786a00e1dccb08e8d6f85a9ad74b81;438624_03.jpg;https://raw.githubusercontent.com/grey8187/Billbee-Bilder/main/438624_03.jpg;https://www.stegplattenversand.de/bilder/438624_03.jpg
438624_04.jpg;232258;88ef201009dfddde4c2d520c3db444bad0554d33a42907f5abde391a708dc5c0;438624_04.jpg;https://raw.githubusercontent.com/grey8187/Billbee-Bilder/main/438624_04.jpg;https://www.stegplattenversand.de/bilder/438624_04.jpg
438624_05.jpg;257766;0b0facb56ce2a91e674b3406f6acb884a58f7830c7fee7f2f92fbbe5219c88c3;438624_05.jpg;https://raw.githubusercontent.com/grey8187/Billbee-Bilder/main/438624_05.jpg;https://www.stegplattenversand.de/bilder/438624_05.jpg
438624_06.png;3225;20dade7b35ed493815ac76a15a86e7c128d5d96865b34d969a7f2870445fcae3;438624_06.png;https://raw.githubusercontent.com/grey8187/Billbee-Bilder/main/438624_06.png;https://www.stegplattenversand.de/bilder/438624_06.png
438625_01.jpg;272351;0b02b50135589a0c25d7a38d2eb464d063a239bb1440b6dc584fdd8f60a852d2;438625_01.jpg;https://raw.githubusercontent.com/grey8187/Billbee-Bilder/main/438625_01.jpg;https://www.stegplattenversand.de/bilder/438625_01.jpg
438625_02.jpg;264490;ee577d4e7a2081bd3f6d5908edee612e2d0454e9410b37c7fa7914e16e8f5ad1;438625_02.jpg;https://raw.githubusercontent.com/grey8187/Billbee-Bilder/main/438625_02.jpg;https://www.stegplattenversand.de/bilder/438625_02.jpg
438625_03.jpg;35779;b5b5a6ef856d8559f596131543abf70ba09181a2d22fb3bba4c3b8275d1ed84c;438625_03.jpg;https://raw.githubusercontent.com/grey8187/Billbee-Bilder/main/438625_03.jpg;https://www.stegplattenversand.de/bilder/438625_03.jpg
438625_04.jpg;111723;a1241e0d7fb9db0f2030fa54662268febd8ee76d8d678c15ea8c4ff5c5f1bfe5;438625_04.jpg;https://raw.githubusercontent.com/grey8187/Billbee-Bilder/main/438625_04.jpg;https://www.stegplattenversand.de/bilder/438625_04.jpg
438625_05.png;5904;f0ab404b7551ab7232e2709bf4d0bf6e41a83a6ddfc19c3627e4131291b9c78d;438625_05.png;https://raw.githubusercontent.com/grey8187/Billbee-Bilder/main/438625_05.png;https://www.stegplattenversand.de/bilder/438625_05.png
438626_01.jpg;43187;b38ee9cfdc0df693d8240f067aded9fdf13b08e7d4f9688bb497e1e07650c4df;438626_01.jpg;https://raw.githubusercontent.com/grey8187/Billbee-Bilder/main/438626_01.jpg;https://www.stegplattenversand.de/bilder/438626_01.jpg
438626_02.png;7704;d2464fa2a5abc75b5b1442b79ae4c929f7ce9fc9831a936edd1419ba4917836f;438623_04.png;https://raw.githubusercontent.com/grey8187/Billbee-Bilder/main/438626_02.png;https://www.stegplattenversand.de/bilder/438626_02.png
438627_01.jpg;239664;b53dd9ca93449a171a091ae60d8f91b92efa397838f031fb04c5220e6ffef888;438627_01.jpg;https://raw.githubusercontent.com/grey8187/Billbee-Bilder/main/438627_01.jpg;https://www.stegplattenversand.de/bilder/438627_01.jpg
438627_02.png;2736;0103a401720e13c57ffe23e246a49cfc7b213196425a9a3b96072cda52423faa;438627_02.png;https://raw.githubusercontent.com/grey8187/Billbee-Bilder/main/438627_02.png;https://www.stegplattenversand.de/bilder/438627_02.png
438628_01.jpg;65188;d99e54728387d0ff9674d31afee4d69e1595e84ad636fe7921121b7353ccffc2;438628_01.jpg;https://raw.githubusercontent.com/grey8187/Billbee-Bilder/main/438628_01.jpg;https://www.stegplattenversand.de/bilder/438628_01.jpg
438628_02.png;2758;cafd432a8b859303ceb3907cc971c5a7eddcff2da580fef0577f033c89560ff2;2346_03.png;https://raw.githubusercontent.com/grey8187/Billbee-Bilder/main/438628_02.png;https://www.stegplattenversand.de/bilder/438628_02.png
438629_01.jpg;275245;a08d1eaf04bbace0345c60a8f96f15b8e369442a2cda5019db563f4724397d0b;438629_01.jpg;https://raw.githubusercontent.com/grey8187/Billbee-Bilder/main/438629_01.jpg;https://www.stegplattenversand.de/bilder/438629_01.jpg
438629_02.png;9212;dc5ddcd4f140d546e7d22f01d2a14a14f8f3e42842b91dfcb38f40fc96bdef88;438629_02.png;https://raw.githubusercontent.com/grey8187/Billbee-Bilder/main/438629_02.png;https://www.stegplattenversand.de/bilder/438629_02.png
438630_01.jpg;261931;2b02d970a9e8b904573ec870829a6adfc4b431e89e4481201c14f3c31eaccd90;438630_01.jpg;https://raw.githubusercontent.com/grey8187/Billbee-Bilder/main/438630_01.jpg;https://www.stegplattenversand.de/bilder/438630_01.jpg
438630_02.png;9212;dc5ddcd4f140d546e7d22f01d2a14a14f8f3e42842b91dfcb38f40fc96bdef88;438629_02.png;https://raw.githubusercontent.com/grey8187/Billbee-Bilder/main/438630_02.png;https://www.stegplattenversand.de/bilder/438630_02.png
438631_01.jpg;255738;733fda4c728660a0f700b03897dd6c4995bb1e015f793b1d77531fdcba6a1a3e;438631_01.jpg;https://raw.githubusercontent.com/grey8187/Billbee-Bilder/main/438631_01.jpg;https://www.stegplattenversand.de/bilder/438631_01.jpg
438631_02.png;9244;8bce50974688c287a1b6c4ea076e5de6d002f89e45ab582cc99b934c643dda7e;438631_02.png;https://raw.githubusercontent.com/grey8187/Billbee-Bilder/main/438631_02.png;https://www.stegplattenversand.de/bilder/438631_02.png
43948_01.jpg;30673;1c7a4cca602f48f53ad7b19166c7d55c302dec657ebf77b2cb14eb169117d9e2;43948_01.jpg;https://raw.githubusercontent.com/grey8187/Billbee-Bilder/main/43948_01.jpg;https://www.stegplattenversand.de/bilder/43948_01.jpg
448267_01.jpg;17368;d51f61abdcf4900e3c420e6a83cde400dfe6bea90a2f15319a7e7338d85c863f;448267_01.jpg;https://raw.githubusercontent.com/grey8187/Billbee-Bilder/main/448267_01.jpg;https://www.stegplattenversand.de/bilder/448267_01.jpg
448267_02.jpg;62574;72a219ca50f9aaa40a6c0496c7954c5028093573073fbf7ab1117ba60b7e6070;448267_02.jpg;https://raw.githubusercontent.com/grey8187/Billbee-Bilder/main/448267_02.jpg;https://www.stegplattenversand.de/bilder/448267_02.jpg
448267_03.jpg;89128;e21953415cade1e064f45e760acee27622530fbb77610391917bc145759bf3f7;448267_03.jpg;https://raw.githubusercontent.com/grey8187/Billbee-Bilder/main/448267_03.jpg;https://www.stegplattenversand.de/bilder/448267_03.jpg
4560_01.jpg;184699;39e1209cd56458f65c67bdc96969f4789c156c68765ea50444d3863ec6d2662c;4560_01.jpg;https://raw.githubusercontent.com/grey8187/Billbee-Bilder/main/4560_01.jpg;https://www.stegplattenversand.de/bilder/4560_01.jpg
4561_01.jpg;198559;c5aad6eb0f0be50fbe3d14a2dd6dfa5b6e85d98ba99aee218ff1a90a77933d53;4561_01.jpg;https://raw.githubusercontent.com/grey8187/Billbee-Bilder/main/4561_01.jpg;https://www.stegplattenversand.de/bilder/4561_01.jpg
4562_01.jpg;188697;0f7a2232bcf99c20eef763ceab98a7b80c486a8fd9f5a84db37ee5b35cff21ab;4562_01.jpg;https://raw.githubusercontent.com/grey8187/Billbee-Bilder/main/4562_01.jpg;https://www.stegplattenversand.de/bilder/4562_01.jpg
4563_01.jpg;196400;117c02f4cca84f3c11f1eb4f56412165755bc98e5fa795978245d4cb3baedc16;4563_01.jpg;https://raw.githubusercontent.com/grey8187/Billbee-Bilder/main/4563_01.jpg;https://www.stegplattenversand.de/bilder/4563_01.jpg
5389_01.jpg;65462;b15dc0ca24ceca47de045b35cce6b786820cb55451e04bb7922123a9952862f8;5389_01.jpg;https://raw.githubusercontent.com/grey8187/Billbee-Bilder/main/5389_01.jpg;https://www.stegplattenversand.de/bilder/5389_01.jpg
5491_01.jpg;102431;6f1412d936d360d462ef42c039ea4d78bc053b1bf422e47c7f47f4f491215748;5491_01.jpg;https://raw.githubusercontent.com/grey8187/Billbee-Bilder/main/5491_01.jpg;https://www.stegplattenversand.de/bilder/5491_01.jpg
5491_02.jpg;35625;77c28dfc18aa98d5d4c6b3649a93359b64e80514430210cb6e4973fb3f6d3449;2346_02.jpg;https://raw.githubusercontent.com/grey8187/Billbee-Bilder/main/5491_02.jpg;https://www.stegplattenversand.de/bilder/5491_02.jpg
5491_03.png;2758;cafd432a8b859303ceb3907cc971c5a7eddcff2da580fef0577f033c89560ff2;2346_03.png;https://raw.githubusercontent.com/grey8187/Billbee-Bilder/main/5491_03.png;https://www.stegplattenversand.de/bilder/5491_03.png
5492_01.jpg;116330;55875f01c3d558773c42e55c95efe5e26f45dabb4def1ae161d55d0ea65d07e9;5492_01.jpg;https://raw.githubusercontent.com/grey8187/Billbee-Bilder/main/5492_01.jpg;https://www.stegplattenversand.de/bilder/5492_01.jpg
5493_01.jpg;89360;42dcbcd040b45104fb6203723cdd30f1a98b7e7fad34f4d5964c12d4daa610e8;5493_01.jpg;https://raw.githubusercontent.com/grey8187/Billbee-Bilder/main/5493_01.jpg;https://www.stegplattenversand.de/bilder/5493_01.jpg
5495_01.jpg;85729;7074780f93d68b5f769ca3589c5a0a3e7a078973e1ba3ac45d7e2902132e1698;5495_01.jpg;https://raw.githubusercontent.com/grey8187/Billbee-Bilder/main/5495_01.jpg;https://www.stegplattenversand.de/bilder/5495_01.jpg
5495_02.jpg;35625;77c28dfc18aa98d5d4c6b3649a93359b64e80514430210cb6e4973fb3f6d3449;2346_02.jpg;https://raw.githubusercontent.com/grey8187/Billbee-Bilder/main/5495_02.jpg;https://www.stegplattenversand.de/bilder/5495_02.jpg
8403_01.jpg;88479;ae1d54dc7211c2e7cbbec945ffc86f5da0c77f92e7ce741e7eda4c16fd11531d;8403_01.jpg;https://raw.githubusercontent.com/grey8187/Billbee-Bilder/main/8403_01.jpg;https://www.stegplattenversand.de/bilder/8403_01.jpg
8461_01.jpg;123610;b602db895bc2e1aec025f6e3d8bd6508c96317400c1290e35624e9c33c3917bf;8461_01.jpg;https://raw.githubusercontent.com/grey8187/Billbee-Bilder/main/8461_01.jpg;https://www.stegplattenversand.de/bilder/8461_01.jpg
8576_01.jpg;97429;9a97380f12efc54ca842475f363d640a728c0c28bbd1e08fd34e116fa6a93c7d;8576_01.jpg;https://raw.githubusercontent.com/grey8187/Billbee-Bilder/main/8576_01.jpg;https://www.stegplattenversand.de/bilder/8576_01.jpg
8635_01.jpg;109652;016416229fb605f4ce8e21227d356f54d6bb842a98d396ae32fdac0d39edf8a9;8635_01.jpg;https://raw.githubusercontent.com/grey8187/Billbee-Bilder/main/8635_01.jpg;https://www.stegplattenversand.de/bilder/8635_01.jpg
8635_02.jpg;35625;77c28dfc18aa98d5d4c6b3649a93359b64e80514430210cb6e4973fb3f6d3449;2346_02.jpg;https://raw.githubusercontent.com/grey8187/Billbee-Bilder/main/8635_02.jpg;https://www.stegplattenversand.de/bilder/8635_02.jpg
8635_03.png;2758;cafd432a8b859303ceb3907cc971c5a7eddcff2da580fef0577f033c89560ff2;2346_03.png;https://raw.githubusercontent.com/grey8187/Billbee-Bilder/main/8635_03.png;https://www.stegplattenversand.de/bilder/8635_03.png
8751_01.jpg;89801;4d05c90c9e8da3b8c93eb5a17979afd83764edfb1a51b15caf70646fb7e2252e;8751_01.jpg;https://raw.githubusercontent.com/grey8187/Billbee-Bilder/main/8751_01.jpg;https://www.stegplattenversand.de/bilder/8751_01.jpg
8751_02.jpg;35625;77c28dfc18aa98d5d4c6b3649a93359b64e80514430210cb6e4973fb3f6d3449;2346_02.jpg;https://raw.githubusercontent.com/grey8187/Billbee-Bilder/main/8751_02.jpg;https://www.stegplattenversand.de/bilder/8751_02.jpg
8751_03.png;2758;cafd432a8b859303ceb3907cc971c5a7eddcff2da580fef0577f033c89560ff2;2346_03.png;https://raw.githubusercontent.com/grey8187/Billbee-Bilder/main/8751_03.png;https://www.stegplattenversand.de/bilder/8751_03.png
8866_01.jpg;81015;566543971f3e033cb0a68e299f781f82c0e7b79223529537f6399de41fd33e6a;8866_01.jpg;https://raw.githubusercontent.com/grey8187/Billbee-Bilder/main/8866_01.jpg;https://www.stegplattenversand.de/bilder/8866_01.jpg
8866_02.jpg;35625;77c28dfc18aa98d5d4c6b3649a93359b64e80514430210cb6e4973fb3f6d3449;2346_02.jpg;https://raw.githubusercontent.com/grey8187/Billbee-Bilder/main/8866_02.jpg;https://www.stegplattenversand.de/bilder/8866_02.jpg
8866_03.png;2758;cafd432a8b859303ceb3907cc971c5a7eddcff2da580fef0577f033c89560ff2;2346_03.png;https://raw.githubusercontent.com/grey8187/Billbee-Bilder/main/8866_03.png;https://www.stegplattenversand.de/bilder/8866_03.png
8980_01.jpg;95543;f0b61cbd739b7f18375cca635b3de93eb2f94132cfe8ec1d00e86d0e59f64cdd;8980_01.jpg;https://raw.githubusercontent.com/grey8187/Billbee-Bilder/main/8980_01.jpg;https://www.stegplattenversand.de/bilder/8980_01.jpg
8980_02.jpg;35625;77c28dfc18aa98d5d4c6b3649a93359b64e80514430210cb6e4973fb3f6d3449;2346_02.jpg;https://raw.githubusercontent.com/grey8187/Billbee-Bilder/main/8980_02.jpg;https://www.stegplattenversand.de/bilder/8980_02.jpg
8980_03.png;2758;cafd432a8b859303ceb3907cc971c5a7eddcff2da580fef0577f033c89560ff2;2346_03.png;https://raw.githubusercontent.com/grey8187/Billbee-Bilder/main/8980_03.png;https://www.stegplattenversand.de/bilder/8980_03.png
9037_01.jpg;84529;a6c105ff18042fb4b32acdfc094d200c21f81c5fe2382e55d39051ae9c863424;9037_01.jpg;https://raw.githubusercontent.com/grey8187/Billbee-Bilder/main/9037_01.jpg;https://www.stegplattenversand.de/bilder/9037_01.jpg
9037_02.jpg;35625;77c28dfc18aa98d5d4c6b3649a93359b64e80514430210cb6e4973fb3f6d3449;2346_02.jpg;https://raw.githubusercontent.com/grey8187/Billbee-Bilder/main/9037_02.jpg;https://www.stegplattenversand.de/bilder/9037_02.jpg
9094_01.jpg;105700;c8da67aecfea951d34f1bbdb44fed258708eb9c22e8311eb2935d8739d11de64;9094_01.jpg;https://raw.githubusercontent.com/grey8187/Billbee-Bilder/main/9094_01.jpg;https://www.stegplattenversand.de/bilder/9094_01.jpg
9094_02.jpg;35625;77c28dfc18aa98d5d4c6b3649a93359b64e80514430210cb6e4973fb3f6d3449;2346_02.jpg;https://raw.githubusercontent.com/grey8187/Billbee-Bilder/main/9094_02.jpg;https://www.stegplattenversand.de/bilder/9094_02.jpg
9095_01.jpg;95059;a1c6a97c93b0fc1122573a0f22331553f77df86863d90f997be464445882bc65;9095_01.jpg;https://raw.githubusercontent.com/grey8187/Billbee-Bilder/main/9095_01.jpg;https://www.stegplattenversand.de/bilder/9095_01.jpg
9095_02.jpg;35625;77c28dfc18aa98d5d4c6b3649a93359b64e80514430210cb6e4973fb3f6d3449;2346_02.jpg;https://raw.githubusercontent.com/grey8187/Billbee-Bilder/main/9095_02.jpg;https://www.stegplattenversand.de/bilder/9095_02.jpg
9101_01.jpg;102907;972115e830f7c4874bcf93253e576824780927afddba4931886b007a76653ab9;9101_01.jpg;https://raw.githubusercontent.com/grey8187/Billbee-Bilder/main/9101_01.jpg;https://www.stegplattenversand.de/bilder/9101_01.jpg
9101_02.jpg;35625;77c28dfc18aa98d5d4c6b3649a93359b64e80514430210cb6e4973fb3f6d3449;2346_02.jpg;https://raw.githubusercontent.com/grey8187/Billbee-Bilder/main/9101_02.jpg;https://www.stegplattenversand.de/bilder/9101_02.jpg
9101_03.png;2736;0103a401720e13c57ffe23e246a49cfc7b213196425a9a3b96072cda52423faa;438627_02.png;https://raw.githubusercontent.com/grey8187/Billbee-Bilder/main/9101_03.png;https://www.stegplattenversand.de/bilder/9101_03.png
9107_01.jpg;92853;182f66e8e7509b1d1c4d0f2aa6a843f9baf52beff4a0f63e6179b4a25e88316c;9107_01.jpg;https://raw.githubusercontent.com/grey8187/Billbee-Bilder/main/9107_01.jpg;https://www.stegplattenversand.de/bilder/9107_01.jpg
9107_02.jpg;35625;77c28dfc18aa98d5d4c6b3649a93359b64e80514430210cb6e4973fb3f6d3449;2346_02.jpg;https://raw.githubusercontent.com/grey8187/Billbee-Bilder/main/9107_02.jpg;https://www.stegplattenversand.de/bilder/9107_02.jpg
9107_03.png;2758;cafd432a8b859303ceb3907cc971c5a7eddcff2da580fef0577f033c89560ff2;2346_03.png;https://raw.githubusercontent.com/grey8187/Billbee-Bilder/main/9107_03.png;https://www.stegplattenversand.de/bilder/9107_03.png
9108_01.jpg;78574;394565b9f65faa435fcee8d043d978e91a660778ab2ba3d8040af7d31635586a;9108_01.jpg;https://raw.githubusercontent.com/grey8187/Billbee-Bilder/main/9108_01.jpg;https://www.stegplattenversand.de/bilder/9108_01.jpg
9108_02.jpg;35625;77c28dfc18aa98d5d4c6b3649a93359b64e80514430210cb6e4973fb3f6d3449;2346_02.jpg;https://raw.githubusercontent.com/grey8187/Billbee-Bilder/main/9108_02.jpg;https://www.stegplattenversand.de/bilder/9108_02.jpg
9108_03.png;2758;cafd432a8b859303ceb3907cc971c5a7eddcff2da580fef0577f033c89560ff2;2346_03.png;https://raw.githubusercontent.com/grey8187/Billbee-Bilder/main/9108_03.png;https://www.stegplattenversand.de/bilder/9108_03.png
9858_01.jpg;111187;a1b0ed1a111394f0e1965f75b93b085d29b765fc8570a88ed0c9650d91150dd9;9858_01.jpg;https://raw.githubusercontent.com/grey8187/Billbee-Bilder/main/9858_01.jpg;https://www.stegplattenversand.de/bilder/9858_01.jpg
9940_01.jpg;81350;be11308b0874b3d4feb337367ef12945b504678021b2167bdc3b94120a19f005;9940_01.jpg;https://raw.githubusercontent.com/grey8187/Billbee-Bilder/main/9940_01.jpg;https://www.stegplattenversand.de/bilder/9940_01.jpg
Ablaufstutzen-PVC-anthrazit-DN-75-mit-Dichtring.jpg;53648;139b2f917f50a833641b384faa209416cf167f3ca95d16ee9928776052113222;Ablaufstutzen-PVC-anthrazit-DN-75-mit-Dichtring.jpg;https://raw.githubusercontent.com/grey8187/Billbee-Bilder/main/Ablaufstutzen-PVC-anthrazit-DN-75-mit-Dichtring.jpg;https://www.stegplattenversand.de/bilder/Ablaufstutzen-PVC-anthrazit-DN-75-mit-Dichtring.jpg
Ablaufstutzen-PVC-grau-DN-75-mit-Dichtring.jpg;45583;0940f644128a6d77db76fd5d410cae2367a1679a69701dd261ec439bb3d72968;426799_01.jpg;https://raw.githubusercontent.com/grey8187/Billbee-Bilder/main/Ablaufstutzen-PVC-grau-DN-75-mit-Dichtring.jpg;https://www.stegplattenversand.de/bilder/Ablaufstutzen-PVC-grau-DN-75-mit-Dichtring.jpg
Ablaufstutzen-PVC-weiss-DN-75-mit-Dichtring.jpg;38439;06408b935abad7e951fcafcc5a6ce2b22bc3904cdad8991e4d90406df5a3ae6a;Ablaufstutzen-PVC-weiss-DN-75-mit-Dichtring.jpg;https://raw.githubusercontent.com/grey8187/Billbee-Bilder/main/Ablaufstutzen-PVC-weiss-DN-75-mit-Dichtring.jpg;https://www.stegplattenversand.de/bilder/Ablaufstutzen-PVC-weiss-DN-75-mit-Dichtring.jpg
Abrutschwinkel-Alu-braun-fuer-alle-Profilsysteme-stegplattenversand-566x566-NEUMM.jpg;35930;c369a9ce5feb98c7848b4192f8ef71da23a5f66dac822e9296dd2fb653ecd571;Abrutschwinkel-Alu-braun-fuer-alle-Profilsysteme-stegplattenversand-566x566-NEUMM.jpg;https://raw.githubusercontent.com/grey8187/Billbee-Bilder/main/Abrutschwinkel-Alu-braun-fuer-alle-Profilsysteme-stegplattenversand-566x566-NEUMM.jpg;https://www.stegplattenversand.de/bilder/Abrutschwinkel-Alu-braun-fuer-alle-Profilsysteme-stegplattenversand-566x566-NEUMM.jpg
Abrutschwinkel-Alu-pressblank-fuer-alle-Profilsysteme-stegplattenversand-566x566-NEUMM.jpg;35625;77c28dfc18aa98d5d4c6b3649a93359b64e80514430210cb6e4973fb3f6d3449;2346_02.jpg;https://raw.githubusercontent.com/grey8187/Billbee-Bilder/main/Abrutschwinkel-Alu-pressblank-fuer-alle-Profilsysteme-stegplattenversand-566x566-NEUMM.jpg;https://www.stegplattenversand.de/bilder/Abrutschwinkel-Alu-pressblank-fuer-alle-Profilsysteme-stegplattenversand-566x566-NEUMM.jpg
Abrutschwinkel-Alu-weiss-abgerundet-fuer-Alu-PVC-Sprossensystem-stegplattenversand-566x566-1.jpg;15256;099ad287a91d55f085c5600c88bd646ffd75285bdfd32dd536695740ddd19751;Abrutschwinkel-Alu-weiss-abgerundet-fuer-Alu-PVC-Sprossensystem-stegplattenversand-566x566-1.jpg;https://raw.githubusercontent.com/grey8187/Billbee-Bilder/main/Abrutschwinkel-Alu-weiss-abgerundet-fuer-Alu-PVC-Sprossensystem-stegplattenversand-566x566-1.jpg;https://www.stegplattenversand.de/bilder/Abrutschwinkel-Alu-weiss-abgerundet-fuer-Alu-PVC-Sprossensystem-stegplattenversand-566x566-1.jpg
Abrutschwinkel-Alu-weiss-fuer-alle-Profilsysteme-stegplattenversand-566x566-NEUMM.jpg;19745;7b48998e5f05044fe7c3a38ce0406f2cda6eff072169c38f98665c032207da9f;Abrutschwinkel-Alu-weiss-fuer-alle-Profilsysteme-stegplattenversand-566x566-NEUMM.jpg;https://raw.githubusercontent.com/grey8187/Billbee-Bilder/main/Abrutschwinkel-Alu-weiss-fuer-alle-Profilsysteme-stegplattenversand-566x566-NEUMM.jpg;https://www.stegplattenversand.de/bilder/Abrutschwinkel-Alu-weiss-fuer-alle-Profilsysteme-stegplattenversand-566x566-NEUMM.jpg
Abrutschwinkel-anthrazit-stegplattenversand-566x566-1.jpg;54214;a6228f556bbbf9687c658039a4c346d78aea004d4b2a811f9ce02e1587dd2c64;403098_01.jpg;https://raw.githubusercontent.com/grey8187/Billbee-Bilder/main/Abrutschwinkel-anthrazit-stegplattenversand-566x566-1.jpg;https://www.stegplattenversand.de/bilder/Abrutschwinkel-anthrazit-stegplattenversand-566x566-1.jpg
Abstandhalter-Profil-Sinus-130-30.jpg;38687;f3b2aea65c97715ffd555dc4903cfcfa7a63cc21129eeefc685c87259df9d111;425949_01.jpg;https://raw.githubusercontent.com/grey8187/Billbee-Bilder/main/Abstandhalter-Profil-Sinus-130-30.jpg;https://www.stegplattenversand.de/bilder/Abstandhalter-Profil-Sinus-130-30.jpg
Abstandhalter-Profil-Sinus-76-18.jpg;30766;df91987ddbf49bcdf172287cfea4e107ef983d2237ef69f420e45447b715ee4f;Abstandhalter-Profil-Sinus-76-18.jpg;https://raw.githubusercontent.com/grey8187/Billbee-Bilder/main/Abstandhalter-Profil-Sinus-76-18.jpg;https://www.stegplattenversand.de/bilder/Abstandhalter-Profil-Sinus-76-18.jpg
Acryl-Wellplatten-farblos-klar-c-struktur-Sinus-76-18.jpg;269184;0e3a34b21016faccd0283157fb74675ecb0095cf151f573c82d9e0d507529abd;436029_02.jpg;https://raw.githubusercontent.com/grey8187/Billbee-Bilder/main/Acryl-Wellplatten-farblos-klar-c-struktur-Sinus-76-18.jpg;https://www.stegplattenversand.de/bilder/Acryl-Wellplatten-farblos-klar-c-struktur-Sinus-76-18.jpg
Acryl-Wellplatten-farblos-klar-perle-Sinus-76-18.jpg;269184;0e3a34b21016faccd0283157fb74675ecb0095cf151f573c82d9e0d507529abd;436029_02.jpg;https://raw.githubusercontent.com/grey8187/Billbee-Bilder/main/Acryl-Wellplatten-farblos-klar-perle-Sinus-76-18.jpg;https://www.stegplattenversand.de/bilder/Acryl-Wellplatten-farblos-klar-perle-Sinus-76-18.jpg
Acryl-Wellplatten-graphit-grau-Perle-Sinus-76-18.jpg;328665;bb1d6e0d8f57285b8fa01383bf02f09e64528bc2d5a8b60c5f914bc8b23b7cb5;436029_03.jpg;https://raw.githubusercontent.com/grey8187/Billbee-Bilder/main/Acryl-Wellplatten-graphit-grau-Perle-Sinus-76-18.jpg;https://www.stegplattenversand.de/bilder/Acryl-Wellplatten-graphit-grau-Perle-Sinus-76-18.jpg
Acrylglas-Platte-GS-XT-DEGLAS-e1769903747146.jpg;162198;0789218080112bce539442f47a39a6d04056046fa261ae3885c735d6f36c4a24;433246_01.jpg;https://raw.githubusercontent.com/grey8187/Billbee-Bilder/main/Acrylglas-Platte-GS-XT-DEGLAS-e1769903747146.jpg;https://www.stegplattenversand.de/bilder/Acrylglas-Platte-GS-XT-DEGLAS-e1769903747146.jpg
Acrylglas-Platte-GS-XT-DEGLAS-opal-weiss-e1769903731844.jpg;105447;15fa1b1e83245dbe6bdbb808cdce9ae85ff0ab2c79d0c995dc9672446c12cb34;433850_01.jpg;https://raw.githubusercontent.com/grey8187/Billbee-Bilder/main/Acrylglas-Platte-GS-XT-DEGLAS-opal-weiss-e1769903731844.jpg;https://www.stegplattenversand.de/bilder/Acrylglas-Platte-GS-XT-DEGLAS-opal-weiss-e1769903731844.jpg
Acrylglas-XT-GS-farbig-1-e1769903759896.jpg;38309;332430bf5dc219c54a7f5305e394777f22019e88186d149d92d95921786f4d16;434214_01.jpg;https://raw.githubusercontent.com/grey8187/Billbee-Bilder/main/Acrylglas-XT-GS-farbig-1-e1769903759896.jpg;https://www.stegplattenversand.de/bilder/Acrylglas-XT-GS-farbig-1-e1769903759896.jpg
Acrylglas-XT-GS-farbig-4-e1769903789776.jpg;68265;8918e76cfd1a0b622123aa049a7de0706f7df659909b9f33d245afbd8e568601;Acrylglas-XT-GS-farbig-4-e1769903789776.jpg;https://raw.githubusercontent.com/grey8187/Billbee-Bilder/main/Acrylglas-XT-GS-farbig-4-e1769903789776.jpg;https://www.stegplattenversand.de/bilder/Acrylglas-XT-GS-farbig-4-e1769903789776.jpg
Acrylglas-XT-GS-farbig-6-e1769903813286.jpg;70035;3940f3c7de94724a057713d45b61357540fa97b3c6a1b324ddff2f5d3a8f8318;434077_01.jpg;https://raw.githubusercontent.com/grey8187/Billbee-Bilder/main/Acrylglas-XT-GS-farbig-6-e1769903813286.jpg;https://www.stegplattenversand.de/bilder/Acrylglas-XT-GS-farbig-6-e1769903813286.jpg
Acrylglas-XT-GS-farbig-gelb.jpg;52937;b2c8b111f86d3b19925c4d4412ef32a5832bc0d6cb31bdaec6871e042dc75db4;Acrylglas-XT-GS-farbig-gelb.jpg;https://raw.githubusercontent.com/grey8187/Billbee-Bilder/main/Acrylglas-XT-GS-farbig-gelb.jpg;https://www.stegplattenversand.de/bilder/Acrylglas-XT-GS-farbig-gelb.jpg
Acrylglas-XT-GS-farbig.jpg;62914;535b745463f5ffce231018a2b2586585e0f2c04e19686c2a02157453d003f868;Acrylglas-XT-GS-farbig.jpg;https://raw.githubusercontent.com/grey8187/Billbee-Bilder/main/Acrylglas-XT-GS-farbig.jpg;https://www.stegplattenversand.de/bilder/Acrylglas-XT-GS-farbig.jpg
Alu-Durchschraubprofil-universal-Alu-Alu-Ueberhangprofil-60-mm-breit.jpg;264355;170246f8e529240d3f895b09cd3039578a3adf498c669a7b0fae2d705d9dfed9;422279_03.jpg;https://raw.githubusercontent.com/grey8187/Billbee-Bilder/main/Alu-Durchschraubprofil-universal-Alu-Alu-Ueberhangprofil-60-mm-breit.jpg;https://www.stegplattenversand.de/bilder/Alu-Durchschraubprofil-universal-Alu-Alu-Ueberhangprofil-60-mm-breit.jpg
Alu-Durchschraubprofil-universal-Alu-Alu-bei-Ueberhang-60-mm-breit.jpg;318870;b455010fa45b324a7e98d488b4f93b3c510d973bfe34b6657ca7c414f12eac3b;422765_04.jpg;https://raw.githubusercontent.com/grey8187/Billbee-Bilder/main/Alu-Durchschraubprofil-universal-Alu-Alu-bei-Ueberhang-60-mm-breit.jpg;https://www.stegplattenversand.de/bilder/Alu-Durchschraubprofil-universal-Alu-Alu-bei-Ueberhang-60-mm-breit.jpg
Alu-Durchschraubprofil-universal-Alu-Gummi-Ueberhangprofil-60-mm-breit.jpg;206938;bee0e64d9d6488c677d9e381cc64f510383ddb12358d02a65a4d3d336a9040d6;422279_04.jpg;https://raw.githubusercontent.com/grey8187/Billbee-Bilder/main/Alu-Durchschraubprofil-universal-Alu-Gummi-Ueberhangprofil-60-mm-breit.jpg;https://www.stegplattenversand.de/bilder/Alu-Durchschraubprofil-universal-Alu-Gummi-Ueberhangprofil-60-mm-breit.jpg
Alu-Kastenrinne-110-80-anthrazit-verschiedene-Laengen-Farben.jpg;89464;8ff6a00727257fe29b7245c71fe1e47d5aa96f936de41d839ca42fa2c55668e5;Alu-Kastenrinne-110-80-anthrazit-verschiedene-Laengen-Farben.jpg;https://raw.githubusercontent.com/grey8187/Billbee-Bilder/main/Alu-Kastenrinne-110-80-anthrazit-verschiedene-Laengen-Farben.jpg;https://www.stegplattenversand.de/bilder/Alu-Kastenrinne-110-80-anthrazit-verschiedene-Laengen-Farben.jpg
Alu-Kastenrinne-110-80-verschiedene-Laengen-Farben.jpg;99062;e4bf8b6fc1dac3679c50e7150c43740d238b46ce0404d81d1805a66f9e86d83a;426855_01.jpg;https://raw.githubusercontent.com/grey8187/Billbee-Bilder/main/Alu-Kastenrinne-110-80-verschiedene-Laengen-Farben.jpg;https://www.stegplattenversand.de/bilder/Alu-Kastenrinne-110-80-verschiedene-Laengen-Farben.jpg
Alu-Kastenrinne-110-80-verschiedene-Laengen-anthrazit.jpg;81436;b3131ba7d56e86b7b5c7201620c206e54c493da3b90b877722578fd8da30572a;Alu-Kastenrinne-110-80-verschiedene-Laengen-anthrazit.jpg;https://raw.githubusercontent.com/grey8187/Billbee-Bilder/main/Alu-Kastenrinne-110-80-verschiedene-Laengen-anthrazit.jpg;https://www.stegplattenversand.de/bilder/Alu-Kastenrinne-110-80-verschiedene-Laengen-anthrazit.jpg
Alu-Kastenrinne-110-80-verschiedene-Laengen-pressblank.jpg;60196;49f4c77fc92bcdcdb7822e2aba88b5be98ee658f4adf055b74d7ce769bf8b916;426705_01.jpg;https://raw.githubusercontent.com/grey8187/Billbee-Bilder/main/Alu-Kastenrinne-110-80-verschiedene-Laengen-pressblank.jpg;https://www.stegplattenversand.de/bilder/Alu-Kastenrinne-110-80-verschiedene-Laengen-pressblank.jpg
Alu-Kastenrinne-110-80-verschiedene-Laengen-weiss.jpg;38927;2f331cea0213f75fd488d41f42623af9012fbd5fa10c50c265d79c2e89229430;Alu-Kastenrinne-110-80-verschiedene-Laengen-weiss.jpg;https://raw.githubusercontent.com/grey8187/Billbee-Bilder/main/Alu-Kastenrinne-110-80-verschiedene-Laengen-weiss.jpg;https://www.stegplattenversand.de/bilder/Alu-Kastenrinne-110-80-verschiedene-Laengen-weiss.jpg
Alu-Kastenrinne-110-80-weiss-verschiedene-Laengen-Farben.jpg;80991;036015668b3cb7a19b27c636844327b4d592a66632cb81b18c157518a1a689f8;Alu-Kastenrinne-110-80-weiss-verschiedene-Laengen-Farben.jpg;https://raw.githubusercontent.com/grey8187/Billbee-Bilder/main/Alu-Kastenrinne-110-80-weiss-verschiedene-Laengen-Farben.jpg;https://www.stegplattenversand.de/bilder/Alu-Kastenrinne-110-80-weiss-verschiedene-Laengen-Farben.jpg
Alu-Klebeband-50m-lang-38mm-breit-Hitzeschutz-bei-sichtbaren-Sparren-Stegplatten-Doppelstegplatten-stegplatten-e1765657942596.jpg;147278;bbf397401a7a9f7343cc1d77de52517f8403b2a2f377bce1c65676fe1425731d;425221_01.jpg;https://raw.githubusercontent.com/grey8187/Billbee-Bilder/main/Alu-Klebeband-50m-lang-38mm-breit-Hitzeschutz-bei-sichtbaren-Sparren-Stegplatten-Doppelstegplatten-stegplatten-e1765657942596.jpg;https://www.stegplattenversand.de/bilder/Alu-Klebeband-50m-lang-38mm-breit-Hitzeschutz-bei-sichtbaren-Sparren-Stegplatten-Doppelstegplatten-stegplatten-e1765657942596.jpg
Alu-Klebeband-50m-lang-70mm-breit-Hitzeschutz-bei-sichtbaren-Sparren-Stegplatten-Doppelstegplatten-e1765658016917.jpg;164738;ea16b94b630eeb80ad48e38038cc03b2cafde21d5eba7e2857fa2c962f27dabe;425221_02.jpg;https://raw.githubusercontent.com/grey8187/Billbee-Bilder/main/Alu-Klebeband-50m-lang-70mm-breit-Hitzeschutz-bei-sichtbaren-Sparren-Stegplatten-Doppelstegplatten-e1765658016917.jpg;https://www.stegplattenversand.de/bilder/Alu-Klebeband-50m-lang-70mm-breit-Hitzeschutz-bei-sichtbaren-Sparren-Stegplatten-Doppelstegplatten-e1765658016917.jpg
Alu-Mittelprofil-16-mm-Alu-Alu-60-mm-breit.jpg;303426;f4df86c24a91ee29676dcd4b5dabe961d383a649f68b6213b386e1f8bfbd78ff;422765_01.jpg;https://raw.githubusercontent.com/grey8187/Billbee-Bilder/main/Alu-Mittelprofil-16-mm-Alu-Alu-60-mm-breit.jpg;https://www.stegplattenversand.de/bilder/Alu-Mittelprofil-16-mm-Alu-Alu-60-mm-breit.jpg
Alu-Mittelprofil-16-mm-Alu-Gummi-60-mm-breit.jpg;126968;dd6da9c1b5494d4b08bc8beeda403db10c1e6406a5394835e57cfd8beda0fd7e;422765_02.jpg;https://raw.githubusercontent.com/grey8187/Billbee-Bilder/main/Alu-Mittelprofil-16-mm-Alu-Gummi-60-mm-breit.jpg;https://www.stegplattenversand.de/bilder/Alu-Mittelprofil-16-mm-Alu-Gummi-60-mm-breit.jpg
Alu-Mittelprofil-16-mm-Alu-PVC-60-mm-breit.jpg;159813;cfde480976eff6468c53b8f2fa13fc3c3bbc02db54ccd8d80410317432a0dd7f;422659_01.jpg;https://raw.githubusercontent.com/grey8187/Billbee-Bilder/main/Alu-Mittelprofil-16-mm-Alu-PVC-60-mm-breit.jpg;https://www.stegplattenversand.de/bilder/Alu-Mittelprofil-16-mm-Alu-PVC-60-mm-breit.jpg
Alu-Mittelprofil-8-und-10-mm-Alu-Alu-60-mm-breit.jpg;90002;5c1bf6325856f226eac9d126b5e254b7902b999b18805a3fbd8da94b5971e1bd;Alu-Mittelprofil-8-und-10-mm-Alu-Alu-60-mm-breit.jpg;https://raw.githubusercontent.com/grey8187/Billbee-Bilder/main/Alu-Mittelprofil-8-und-10-mm-Alu-Alu-60-mm-breit.jpg;https://www.stegplattenversand.de/bilder/Alu-Mittelprofil-8-und-10-mm-Alu-Alu-60-mm-breit.jpg
Alu-Mittelprofil-8-und-10-mm-Alu-Gummi-60-mm-breit.jpg;223289;77fef08c804c19db05db064570ad24b996f268e0fb73a4c8bf7b397bf796354c;422440_01.jpg;https://raw.githubusercontent.com/grey8187/Billbee-Bilder/main/Alu-Mittelprofil-8-und-10-mm-Alu-Gummi-60-mm-breit.jpg;https://www.stegplattenversand.de/bilder/Alu-Mittelprofil-8-und-10-mm-Alu-Gummi-60-mm-breit.jpg
Alu-Randprofil-16-mm-Alu-Alu-60-mm-breit.jpg;283168;8d2e10aa021d7d16b26fc721c6f7e32124cdfd4a2610f52fb54c1c5d10eb283e;Alu-Randprofil-16-mm-Alu-Alu-60-mm-breit.jpg;https://raw.githubusercontent.com/grey8187/Billbee-Bilder/main/Alu-Randprofil-16-mm-Alu-Alu-60-mm-breit.jpg;https://www.stegplattenversand.de/bilder/Alu-Randprofil-16-mm-Alu-Alu-60-mm-breit.jpg
Alu-Randprofil-16-mm-Alu-Gummi-60-mm-breit.jpg;103112;0b55783b775afee8e6adef5433ef415447130f468d0b926ff4a556552f07fc65;422765_03.jpg;https://raw.githubusercontent.com/grey8187/Billbee-Bilder/main/Alu-Randprofil-16-mm-Alu-Gummi-60-mm-breit.jpg;https://www.stegplattenversand.de/bilder/Alu-Randprofil-16-mm-Alu-Gummi-60-mm-breit.jpg
Alu-Randprofil-16-mm-Alu-PVC-60-mm-breit.jpg;136327;495d865dcf7ec3d5c8317db005dbd453d7aa4c2c52080f210de06f9efe770435;Alu-Randprofil-16-mm-Alu-PVC-60-mm-breit.jpg;https://raw.githubusercontent.com/grey8187/Billbee-Bilder/main/Alu-Randprofil-16-mm-Alu-PVC-60-mm-breit.jpg;https://www.stegplattenversand.de/bilder/Alu-Randprofil-16-mm-Alu-PVC-60-mm-breit.jpg
Alu-Randprofil-8-mm-und-10-mm-Alu-Alu-60-mm-breit.jpg;80203;dd33172e74c9fae83c34b6eef8d6bafe3cf83c0b5d256982ae331983bfcae9cd;422440_03.jpg;https://raw.githubusercontent.com/grey8187/Billbee-Bilder/main/Alu-Randprofil-8-mm-und-10-mm-Alu-Alu-60-mm-breit.jpg;https://www.stegplattenversand.de/bilder/Alu-Randprofil-8-mm-und-10-mm-Alu-Alu-60-mm-breit.jpg
Alu-Randprofil-8-und-10-mm-Alu-Gummi-60-mm-breit.jpg;226717;45f70335412d88e0a55e3199c98174bfb2669b49b7b9386a46ed30b95cdea94f;422440_02.jpg;https://raw.githubusercontent.com/grey8187/Billbee-Bilder/main/Alu-Randprofil-8-und-10-mm-Alu-Gummi-60-mm-breit.jpg;https://www.stegplattenversand.de/bilder/Alu-Randprofil-8-und-10-mm-Alu-Gummi-60-mm-breit.jpg
Alu-Randthermoprofil-16-mm-Alu-Alu-60-mm-breit.jpg;384398;caea2b44e5dc430a634bbf5f4d8e231c4dcb2452f5653f2d3fc3ab01bd954994;Alu-Randthermoprofil-16-mm-Alu-Alu-60-mm-breit.jpg;https://raw.githubusercontent.com/grey8187/Billbee-Bilder/main/Alu-Randthermoprofil-16-mm-Alu-Alu-60-mm-breit.jpg;https://www.stegplattenversand.de/bilder/Alu-Randthermoprofil-16-mm-Alu-Alu-60-mm-breit.jpg
Alu-Randthermoprofil-25-und-32-mm-Alu-Alu-60-mm-breit.jpg;390689;28d0290a33b4f4d5330d43fbb9f9f2af03f64db0252ac75f3e5459fbfa474db0;422867_02.jpg;https://raw.githubusercontent.com/grey8187/Billbee-Bilder/main/Alu-Randthermoprofil-25-und-32-mm-Alu-Alu-60-mm-breit.jpg;https://www.stegplattenversand.de/bilder/Alu-Randthermoprofil-25-und-32-mm-Alu-Alu-60-mm-breit.jpg
Alu-Randthermoprofil-6-und-8-mm-Alu-Alu-60-mm-breit.jpg;387767;fb2b690440493d9dcd87301a9cfd3ad3f69ac3158899890bb9e6481d309f11bb;421427_04.jpg;https://raw.githubusercontent.com/grey8187/Billbee-Bilder/main/Alu-Randthermoprofil-6-und-8-mm-Alu-Alu-60-mm-breit.jpg;https://www.stegplattenversand.de/bilder/Alu-Randthermoprofil-6-und-8-mm-Alu-Alu-60-mm-breit.jpg
Alu-Thermoprofil-16-mm-Alu-Alu-60-mm-breit.jpg;242795;2c5af2c318771dcc7a06edd444d1f9d4f1906f0f76f253ef8047c8488c1c4ce0;Alu-Thermoprofil-16-mm-Alu-Alu-60-mm-breit.jpg;https://raw.githubusercontent.com/grey8187/Billbee-Bilder/main/Alu-Thermoprofil-16-mm-Alu-Alu-60-mm-breit.jpg;https://www.stegplattenversand.de/bilder/Alu-Thermoprofil-16-mm-Alu-Alu-60-mm-breit.jpg
Alu-Thermoprofil-25-und-32-mm-Alu-Alu-60-mm-breit.jpg;243220;2855589a50c9f1fe114ee46aa4080e622288b9d9e5a73bb399151689b911ebb6;422867_01.jpg;https://raw.githubusercontent.com/grey8187/Billbee-Bilder/main/Alu-Thermoprofil-25-und-32-mm-Alu-Alu-60-mm-breit.jpg;https://www.stegplattenversand.de/bilder/Alu-Thermoprofil-25-und-32-mm-Alu-Alu-60-mm-breit.jpg
Alu-Thermoprofil-6-und-8-mm-Alu-Alu-60-mm-breit.jpg;239567;e022b2c1de8b760dede0c70bb814d4f24e31d852312ea06eea08696d27f3ea91;421427_02.jpg;https://raw.githubusercontent.com/grey8187/Billbee-Bilder/main/Alu-Thermoprofil-6-und-8-mm-Alu-Alu-60-mm-breit.jpg;https://www.stegplattenversand.de/bilder/Alu-Thermoprofil-6-und-8-mm-Alu-Alu-60-mm-breit.jpg
Aluverbundplatte-Aragon-weiss-alucom-design.jpg;62034;ec155c49ce5c653772b74daaef267bf4353d52e5636cfe033351e1739ccb4e84;404671_01.jpg;https://raw.githubusercontent.com/grey8187/Billbee-Bilder/main/Aluverbundplatte-Aragon-weiss-alucom-design.jpg;https://www.stegplattenversand.de/bilder/Aluverbundplatte-Aragon-weiss-alucom-design.jpg
Aluverbundplatte-Beton-Brettschalung-alucom-design.jpg;159586;77f04e0a6d3a782eb3a7db67c6095ec7f9be02e26551b0a848424e0c198fc102;404628_01.jpg;https://raw.githubusercontent.com/grey8187/Billbee-Bilder/main/Aluverbundplatte-Beton-Brettschalung-alucom-design.jpg;https://www.stegplattenversand.de/bilder/Aluverbundplatte-Beton-Brettschalung-alucom-design.jpg
Anti-Dust-Klebeband-Diffusionsband-fuer-Stegplatten-65m-lang-Verschluss-untere-Seite-der-Stegplatten-e1763887446473.jpg;87178;fe3812f0c18731ac75682d1e4037414a0d6e174a6b9e7a3c4be74eb6edb0e6c2;425221_03.jpg;https://raw.githubusercontent.com/grey8187/Billbee-Bilder/main/Anti-Dust-Klebeband-Diffusionsband-fuer-Stegplatten-65m-lang-Verschluss-untere-Seite-der-Stegplatten-e1763887446473.jpg;https://www.stegplattenversand.de/bilder/Anti-Dust-Klebeband-Diffusionsband-fuer-Stegplatten-65m-lang-Verschluss-untere-Seite-der-Stegplatten-e1763887446473.jpg
Dichtlippe-Wandanschlussprofil.jpg;129574;e74e661918fcbd93e82b3c9531809143ce8fb2ac4c6c27b0300436641c3eb60a;Dichtlippe-Wandanschlussprofil.jpg;https://raw.githubusercontent.com/grey8187/Billbee-Bilder/main/Dichtlippe-Wandanschlussprofil.jpg;https://www.stegplattenversand.de/bilder/Dichtlippe-Wandanschlussprofil.jpg
Doppelstegplatten-10-mm-farblos-klar-2-fach-Struktur-Polycarbonat-Hagelfest.jpg;73862;e447e7c2cc5b9f8ef3765e5c8685776db8e5949c79940167c81cc8bd7345d5f4;438622_02.jpg;https://raw.githubusercontent.com/grey8187/Billbee-Bilder/main/Doppelstegplatten-10-mm-farblos-klar-2-fach-Struktur-Polycarbonat-Hagelfest.jpg;https://www.stegplattenversand.de/bilder/Doppelstegplatten-10-mm-farblos-klar-2-fach-Struktur-Polycarbonat-Hagelfest.jpg
Doppelstegplatten-10-mm-weiss-opal-2-fach-Struktur-Polycarbonat-Hagelfest.jpg;94859;7a0ab92a533dcb7f29c860269ef5bdae6a299fb9246581e0e01357faa0b5019f;438622_03.jpg;https://raw.githubusercontent.com/grey8187/Billbee-Bilder/main/Doppelstegplatten-10-mm-weiss-opal-2-fach-Struktur-Polycarbonat-Hagelfest.jpg;https://www.stegplattenversand.de/bilder/Doppelstegplatten-10-mm-weiss-opal-2-fach-Struktur-Polycarbonat-Hagelfest.jpg
Doppelstegplatten-16-mm-Klar-Farblos-X-Struktur-Polycarbonat-Hagelfest.jpg;372714;cb425c925b70edfde1e0422f74139dff950ca06bfaa2464144951a0a1f79d35f;438623_02.jpg;https://raw.githubusercontent.com/grey8187/Billbee-Bilder/main/Doppelstegplatten-16-mm-Klar-Farblos-X-Struktur-Polycarbonat-Hagelfest.jpg;https://www.stegplattenversand.de/bilder/Doppelstegplatten-16-mm-Klar-Farblos-X-Struktur-Polycarbonat-Hagelfest.jpg
Doppelstegplatten-16-mm-Polycarbonat-3-fach-Struktur-Hagelfest-Langlebig.jpg;307337;c6fab959181f276b4016676a2e4e75fd02587c5b0c843893f9fd9a918a29d4c0;438624_01.jpg;https://raw.githubusercontent.com/grey8187/Billbee-Bilder/main/Doppelstegplatten-16-mm-Polycarbonat-3-fach-Struktur-Hagelfest-Langlebig.jpg;https://www.stegplattenversand.de/bilder/Doppelstegplatten-16-mm-Polycarbonat-3-fach-Struktur-Hagelfest-Langlebig.jpg
Doppelstegplatten-16-mm-anthrazit-grau-Polycarbonat-Premium-Longlife-garantiert-hagelsicher.jpg;111723;a1241e0d7fb9db0f2030fa54662268febd8ee76d8d678c15ea8c4ff5c5f1bfe5;438625_04.jpg;https://raw.githubusercontent.com/grey8187/Billbee-Bilder/main/Doppelstegplatten-16-mm-anthrazit-grau-Polycarbonat-Premium-Longlife-garantiert-hagelsicher.jpg;https://www.stegplattenversand.de/bilder/Doppelstegplatten-16-mm-anthrazit-grau-Polycarbonat-Premium-Longlife-garantiert-hagelsicher.jpg
Doppelstegplatten-16-mm-farblos-klar-16-32-Struktur-Acrylglas-Highlux-1.jpg;93638;10af836b96f350c0b7b113c70c45482cdb39f26ef3652a210a6da9ce602a977a;Doppelstegplatten-16-mm-farblos-klar-16-32-Struktur-Acrylglas-Highlux-1.jpg;https://raw.githubusercontent.com/grey8187/Billbee-Bilder/main/Doppelstegplatten-16-mm-farblos-klar-16-32-Struktur-Acrylglas-Highlux-1.jpg;https://www.stegplattenversand.de/bilder/Doppelstegplatten-16-mm-farblos-klar-16-32-Struktur-Acrylglas-Highlux-1.jpg
Doppelstegplatten-16-mm-farblos-klar-16-32-Struktur-Acrylglas-Highlux-12.jpg;93638;10af836b96f350c0b7b113c70c45482cdb39f26ef3652a210a6da9ce602a977a;Doppelstegplatten-16-mm-farblos-klar-16-32-Struktur-Acrylglas-Highlux-1.jpg;https://raw.githubusercontent.com/grey8187/Billbee-Bilder/main/Doppelstegplatten-16-mm-farblos-klar-16-32-Struktur-Acrylglas-Highlux-12.jpg;https://www.stegplattenversand.de/bilder/Doppelstegplatten-16-mm-farblos-klar-16-32-Struktur-Acrylglas-Highlux-12.jpg
Doppelstegplatten-16-mm-farblos-klar-16-32-Struktur-Acrylglas-Highlux-13.jpg;93638;10af836b96f350c0b7b113c70c45482cdb39f26ef3652a210a6da9ce602a977a;Doppelstegplatten-16-mm-farblos-klar-16-32-Struktur-Acrylglas-Highlux-1.jpg;https://raw.githubusercontent.com/grey8187/Billbee-Bilder/main/Doppelstegplatten-16-mm-farblos-klar-16-32-Struktur-Acrylglas-Highlux-13.jpg;https://www.stegplattenversand.de/bilder/Doppelstegplatten-16-mm-farblos-klar-16-32-Struktur-Acrylglas-Highlux-13.jpg
Doppelstegplatten-16-mm-farblos-klar-16-32-Struktur-Acrylglas-Highlux-14.jpg;93638;10af836b96f350c0b7b113c70c45482cdb39f26ef3652a210a6da9ce602a977a;Doppelstegplatten-16-mm-farblos-klar-16-32-Struktur-Acrylglas-Highlux-1.jpg;https://raw.githubusercontent.com/grey8187/Billbee-Bilder/main/Doppelstegplatten-16-mm-farblos-klar-16-32-Struktur-Acrylglas-Highlux-14.jpg;https://www.stegplattenversand.de/bilder/Doppelstegplatten-16-mm-farblos-klar-16-32-Struktur-Acrylglas-Highlux-14.jpg
Doppelstegplatten-16-mm-farblos-klar-16-32-Struktur-Acrylglas-Highlux-15.jpg;93638;10af836b96f350c0b7b113c70c45482cdb39f26ef3652a210a6da9ce602a977a;Doppelstegplatten-16-mm-farblos-klar-16-32-Struktur-Acrylglas-Highlux-1.jpg;https://raw.githubusercontent.com/grey8187/Billbee-Bilder/main/Doppelstegplatten-16-mm-farblos-klar-16-32-Struktur-Acrylglas-Highlux-15.jpg;https://www.stegplattenversand.de/bilder/Doppelstegplatten-16-mm-farblos-klar-16-32-Struktur-Acrylglas-Highlux-15.jpg
Doppelstegplatten-16-mm-farblos-klar-16-32-Struktur-Acrylglas-Highlux-17.jpg;93638;10af836b96f350c0b7b113c70c45482cdb39f26ef3652a210a6da9ce602a977a;Doppelstegplatten-16-mm-farblos-klar-16-32-Struktur-Acrylglas-Highlux-1.jpg;https://raw.githubusercontent.com/grey8187/Billbee-Bilder/main/Doppelstegplatten-16-mm-farblos-klar-16-32-Struktur-Acrylglas-Highlux-17.jpg;https://www.stegplattenversand.de/bilder/Doppelstegplatten-16-mm-farblos-klar-16-32-Struktur-Acrylglas-Highlux-17.jpg
Doppelstegplatten-16-mm-farblos-klar-16-32-Struktur-Acrylglas-Highlux-2.jpg;93638;10af836b96f350c0b7b113c70c45482cdb39f26ef3652a210a6da9ce602a977a;Doppelstegplatten-16-mm-farblos-klar-16-32-Struktur-Acrylglas-Highlux-1.jpg;https://raw.githubusercontent.com/grey8187/Billbee-Bilder/main/Doppelstegplatten-16-mm-farblos-klar-16-32-Struktur-Acrylglas-Highlux-2.jpg;https://www.stegplattenversand.de/bilder/Doppelstegplatten-16-mm-farblos-klar-16-32-Struktur-Acrylglas-Highlux-2.jpg
Doppelstegplatten-16-mm-farblos-klar-16-32-Struktur-Acrylglas-Highlux-3.jpg;93638;10af836b96f350c0b7b113c70c45482cdb39f26ef3652a210a6da9ce602a977a;Doppelstegplatten-16-mm-farblos-klar-16-32-Struktur-Acrylglas-Highlux-1.jpg;https://raw.githubusercontent.com/grey8187/Billbee-Bilder/main/Doppelstegplatten-16-mm-farblos-klar-16-32-Struktur-Acrylglas-Highlux-3.jpg;https://www.stegplattenversand.de/bilder/Doppelstegplatten-16-mm-farblos-klar-16-32-Struktur-Acrylglas-Highlux-3.jpg
Doppelstegplatten-16-mm-farblos-klar-16-32-Struktur-Acrylglas-Highlux-4.jpg;93638;10af836b96f350c0b7b113c70c45482cdb39f26ef3652a210a6da9ce602a977a;Doppelstegplatten-16-mm-farblos-klar-16-32-Struktur-Acrylglas-Highlux-1.jpg;https://raw.githubusercontent.com/grey8187/Billbee-Bilder/main/Doppelstegplatten-16-mm-farblos-klar-16-32-Struktur-Acrylglas-Highlux-4.jpg;https://www.stegplattenversand.de/bilder/Doppelstegplatten-16-mm-farblos-klar-16-32-Struktur-Acrylglas-Highlux-4.jpg
Doppelstegplatten-16-mm-farblos-klar-16-32-Struktur-Acrylglas-Highlux-5.jpg;93638;10af836b96f350c0b7b113c70c45482cdb39f26ef3652a210a6da9ce602a977a;Doppelstegplatten-16-mm-farblos-klar-16-32-Struktur-Acrylglas-Highlux-1.jpg;https://raw.githubusercontent.com/grey8187/Billbee-Bilder/main/Doppelstegplatten-16-mm-farblos-klar-16-32-Struktur-Acrylglas-Highlux-5.jpg;https://www.stegplattenversand.de/bilder/Doppelstegplatten-16-mm-farblos-klar-16-32-Struktur-Acrylglas-Highlux-5.jpg
Doppelstegplatten-16-mm-farblos-klar-16-32-Struktur-Acrylglas-Highlux.jpg;93638;10af836b96f350c0b7b113c70c45482cdb39f26ef3652a210a6da9ce602a977a;Doppelstegplatten-16-mm-farblos-klar-16-32-Struktur-Acrylglas-Highlux-1.jpg;https://raw.githubusercontent.com/grey8187/Billbee-Bilder/main/Doppelstegplatten-16-mm-farblos-klar-16-32-Struktur-Acrylglas-Highlux.jpg;https://www.stegplattenversand.de/bilder/Doppelstegplatten-16-mm-farblos-klar-16-32-Struktur-Acrylglas-Highlux.jpg
Doppelstegplatten-16-mm-farblos-klar-3-fach-Struktur-Polycarbonat-Hagelfest.jpg;234413;427c8bba99b3eba8b35d485b28f69fc8ac94328394daa7170d8db875950f362d;438624_02.jpg;https://raw.githubusercontent.com/grey8187/Billbee-Bilder/main/Doppelstegplatten-16-mm-farblos-klar-3-fach-Struktur-Polycarbonat-Hagelfest.jpg;https://www.stegplattenversand.de/bilder/Doppelstegplatten-16-mm-farblos-klar-3-fach-Struktur-Polycarbonat-Hagelfest.jpg
Doppelstegplatten-16-mm-farblos-klar-Polycarbonat-Premium-Longlife-garantiert-hagelsicher-1.jpg;264490;ee577d4e7a2081bd3f6d5908edee612e2d0454e9410b37c7fa7914e16e8f5ad1;438625_02.jpg;https://raw.githubusercontent.com/grey8187/Billbee-Bilder/main/Doppelstegplatten-16-mm-farblos-klar-Polycarbonat-Premium-Longlife-garantiert-hagelsicher-1.jpg;https://www.stegplattenversand.de/bilder/Doppelstegplatten-16-mm-farblos-klar-Polycarbonat-Premium-Longlife-garantiert-hagelsicher-1.jpg
Doppelstegplatten-16-mm-farblos-klar-Polycarbonat-Premium-Longlife-garantiert-hagelsicher.jpg;264490;ee577d4e7a2081bd3f6d5908edee612e2d0454e9410b37c7fa7914e16e8f5ad1;438625_02.jpg;https://raw.githubusercontent.com/grey8187/Billbee-Bilder/main/Doppelstegplatten-16-mm-farblos-klar-Polycarbonat-Premium-Longlife-garantiert-hagelsicher.jpg;https://www.stegplattenversand.de/bilder/Doppelstegplatten-16-mm-farblos-klar-Polycarbonat-Premium-Longlife-garantiert-hagelsicher.jpg
Doppelstegplatten-16-mm-in-Weiss-Opal-3-fach-Struktur-Polycarbonat-Hagelfest.jpg;99563;11e5e1cd4cf202c2d9be6fee48752b4636786a00e1dccb08e8d6f85a9ad74b81;438624_03.jpg;https://raw.githubusercontent.com/grey8187/Billbee-Bilder/main/Doppelstegplatten-16-mm-in-Weiss-Opal-3-fach-Struktur-Polycarbonat-Hagelfest.jpg;https://www.stegplattenversand.de/bilder/Doppelstegplatten-16-mm-in-Weiss-Opal-3-fach-Struktur-Polycarbonat-Hagelfest.jpg
Doppelstegplatten-16-mm-in-bronze-braun-3-fach-Struktur-Polycarbonat-Hagelfest.jpg;232258;88ef201009dfddde4c2d520c3db444bad0554d33a42907f5abde391a708dc5c0;438624_04.jpg;https://raw.githubusercontent.com/grey8187/Billbee-Bilder/main/Doppelstegplatten-16-mm-in-bronze-braun-3-fach-Struktur-Polycarbonat-Hagelfest.jpg;https://www.stegplattenversand.de/bilder/Doppelstegplatten-16-mm-in-bronze-braun-3-fach-Struktur-Polycarbonat-Hagelfest.jpg
Doppelstegplatten-16-mm-in-farblos-klar-16-96-Struktur-Acrylglas-Elegantes-Design.jpg;239664;b53dd9ca93449a171a091ae60d8f91b92efa397838f031fb04c5220e6ffef888;438627_01.jpg;https://raw.githubusercontent.com/grey8187/Billbee-Bilder/main/Doppelstegplatten-16-mm-in-farblos-klar-16-96-Struktur-Acrylglas-Elegantes-Design.jpg;https://www.stegplattenversand.de/bilder/Doppelstegplatten-16-mm-in-farblos-klar-16-96-Struktur-Acrylglas-Elegantes-Design.jpg
Doppelstegplatten-16-mm-opal-weiss-16-32-Struktur-Acrylglas-Highlux-7.jpg;37850;7c2429ea3f5992c36df237ba402dd5136bef0275b57b3c1372de93463315af44;Doppelstegplatten-16-mm-opal-weiss-16-32-Struktur-Acrylglas-Highlux-7.jpg;https://raw.githubusercontent.com/grey8187/Billbee-Bilder/main/Doppelstegplatten-16-mm-opal-weiss-16-32-Struktur-Acrylglas-Highlux-7.jpg;https://www.stegplattenversand.de/bilder/Doppelstegplatten-16-mm-opal-weiss-16-32-Struktur-Acrylglas-Highlux-7.jpg
Doppelstegplatten-16-mm-opal-weiss-16-32-Struktur-Acrylglas-Highlux.jpg;37850;7c2429ea3f5992c36df237ba402dd5136bef0275b57b3c1372de93463315af44;Doppelstegplatten-16-mm-opal-weiss-16-32-Struktur-Acrylglas-Highlux-7.jpg;https://raw.githubusercontent.com/grey8187/Billbee-Bilder/main/Doppelstegplatten-16-mm-opal-weiss-16-32-Struktur-Acrylglas-Highlux.jpg;https://www.stegplattenversand.de/bilder/Doppelstegplatten-16-mm-opal-weiss-16-32-Struktur-Acrylglas-Highlux.jpg
Doppelstegplatten-16-mm-opal-weiss-Polycarbonat-Premium-Longlife-garantiert-hagelsicher.jpg;35779;b5b5a6ef856d8559f596131543abf70ba09181a2d22fb3bba4c3b8275d1ed84c;438625_03.jpg;https://raw.githubusercontent.com/grey8187/Billbee-Bilder/main/Doppelstegplatten-16-mm-opal-weiss-Polycarbonat-Premium-Longlife-garantiert-hagelsicher.jpg;https://www.stegplattenversand.de/bilder/Doppelstegplatten-16-mm-opal-weiss-Polycarbonat-Premium-Longlife-garantiert-hagelsicher.jpg
Doppelstegplatten-16-mm-violett-opal-X-Struktur-Exolon-Multi-UV-5X-16-25-IQ-Relax-Polycarbonat-Hagelfest.jpg;43187;b38ee9cfdc0df693d8240f067aded9fdf13b08e7d4f9688bb497e1e07650c4df;438626_01.jpg;https://raw.githubusercontent.com/grey8187/Billbee-Bilder/main/Doppelstegplatten-16-mm-violett-opal-X-Struktur-Exolon-Multi-UV-5X-16-25-IQ-Relax-Polycarbonat-Hagelfest.jpg;https://www.stegplattenversand.de/bilder/Doppelstegplatten-16-mm-violett-opal-X-Struktur-Exolon-Multi-UV-5X-16-25-IQ-Relax-Polycarbonat-Hagelfest.jpg
Doppelstegplatten-16-mm-weiss-opal-X-Struktur-Polycarbonat-Hagelfest.jpg;37763;80a67cb666f1f82700ebc6e52f31a8127c7d581972d7dc94593d8a6db558f21f;438623_03.jpg;https://raw.githubusercontent.com/grey8187/Billbee-Bilder/main/Doppelstegplatten-16-mm-weiss-opal-X-Struktur-Polycarbonat-Hagelfest.jpg;https://www.stegplattenversand.de/bilder/Doppelstegplatten-16-mm-weiss-opal-X-Struktur-Polycarbonat-Hagelfest.jpg
Doppelstegplatten-25-mm-in-Klar-Farblos-Polycarbonat-EXOLON-Hagelfest-UV-geschuetzt.jpg;317868;0f504440d869163f873833c027159d3ba230a500f1f9b03b2070c7be9e1b117b;Doppelstegplatten-25-mm-in-Klar-Farblos-Polycarbonat-EXOLON-Hagelfest-UV-geschuetzt.jpg;https://raw.githubusercontent.com/grey8187/Billbee-Bilder/main/Doppelstegplatten-25-mm-in-Klar-Farblos-Polycarbonat-EXOLON-Hagelfest-UV-geschuetzt.jpg;https://www.stegplattenversand.de/bilder/Doppelstegplatten-25-mm-in-Klar-Farblos-Polycarbonat-EXOLON-Hagelfest-UV-geschuetzt.jpg
Doppelstegplatten-25-mm-in-opal-weiss-Polycarbonat-EXOLON-Hagelfest-UV-geschuetzt.jpg;208248;2a7757c556fa634b166c78137365b613a8c82ed19bc39a559b7b3257f7daaa39;Doppelstegplatten-25-mm-in-opal-weiss-Polycarbonat-EXOLON-Hagelfest-UV-geschuetzt.jpg;https://raw.githubusercontent.com/grey8187/Billbee-Bilder/main/Doppelstegplatten-25-mm-in-opal-weiss-Polycarbonat-EXOLON-Hagelfest-UV-geschuetzt.jpg;https://www.stegplattenversand.de/bilder/Doppelstegplatten-25-mm-in-opal-weiss-Polycarbonat-EXOLON-Hagelfest-UV-geschuetzt.jpg
Doppelstegplatten-32-mm-Weiss-Opal-Polycarbonat-EXOLON-Hagelfest-UV-IQ-Relax-e1767072544273.jpg;112889;f2b64ec567761ed702f78ff0f5ba784c185c767c86b63d6ac40547757cb806ae;Doppelstegplatten-32-mm-Weiss-Opal-Polycarbonat-EXOLON-Hagelfest-UV-IQ-Relax-e1767072544273.jpg;https://raw.githubusercontent.com/grey8187/Billbee-Bilder/main/Doppelstegplatten-32-mm-Weiss-Opal-Polycarbonat-EXOLON-Hagelfest-UV-IQ-Relax-e1767072544273.jpg;https://www.stegplattenversand.de/bilder/Doppelstegplatten-32-mm-Weiss-Opal-Polycarbonat-EXOLON-Hagelfest-UV-IQ-Relax-e1767072544273.jpg
Doppelstegplatten-4-mm-farblos-klar-2-fach-Struktur-Polycarbonat-Hagelfest.jpg;64532;1996b4279507ba3e8dd80f4cba8ac56158cf962355d3c7529a28b0af6c1100d0;438619_01.jpg;https://raw.githubusercontent.com/grey8187/Billbee-Bilder/main/Doppelstegplatten-4-mm-farblos-klar-2-fach-Struktur-Polycarbonat-Hagelfest.jpg;https://www.stegplattenversand.de/bilder/Doppelstegplatten-4-mm-farblos-klar-2-fach-Struktur-Polycarbonat-Hagelfest.jpg
Doppelstegplatten-6-mm-klar-farblos-2-fach-Struktur-Polycarbonat-Hagelfest.jpg;67737;6016ea913b21afcded4a4f8cdbf34c5e781e6a9a325a8e45c92fb5dddb9ee578;438620_01.jpg;https://raw.githubusercontent.com/grey8187/Billbee-Bilder/main/Doppelstegplatten-6-mm-klar-farblos-2-fach-Struktur-Polycarbonat-Hagelfest.jpg;https://www.stegplattenversand.de/bilder/Doppelstegplatten-6-mm-klar-farblos-2-fach-Struktur-Polycarbonat-Hagelfest.jpg
Doppelstegplatten-8-mm-farblos-klar-2-fach-Struktur-Polycarbonat-Hagelfest.jpg;72958;d5725e7a2bb15efa46e4565f306df02b0058f67e9becb807945edabc9d412da7;438621_01.jpg;https://raw.githubusercontent.com/grey8187/Billbee-Bilder/main/Doppelstegplatten-8-mm-farblos-klar-2-fach-Struktur-Polycarbonat-Hagelfest.jpg;https://www.stegplattenversand.de/bilder/Doppelstegplatten-8-mm-farblos-klar-2-fach-Struktur-Polycarbonat-Hagelfest.jpg
Fallrohr-PVC-anthrazit-DN-75-2500-mm-lang-e1763887163816.jpg;63058;7af2d825f0d347fd17dba092f22d1686e4aa37bd79521ca2c67792add02073ce;Fallrohr-PVC-anthrazit-DN-75-2500-mm-lang-e1763887163816.jpg;https://raw.githubusercontent.com/grey8187/Billbee-Bilder/main/Fallrohr-PVC-anthrazit-DN-75-2500-mm-lang-e1763887163816.jpg;https://www.stegplattenversand.de/bilder/Fallrohr-PVC-anthrazit-DN-75-2500-mm-lang-e1763887163816.jpg
Fallrohr-PVC-grau-DN-75-2500-mm-lang-e1763887174409.jpg;68838;d09e49292f0bb8bcefdcc366e991fce50416b6d25ce0c6076693933935aaecf9;426843_01.jpg;https://raw.githubusercontent.com/grey8187/Billbee-Bilder/main/Fallrohr-PVC-grau-DN-75-2500-mm-lang-e1763887174409.jpg;https://www.stegplattenversand.de/bilder/Fallrohr-PVC-grau-DN-75-2500-mm-lang-e1763887174409.jpg
Fallrohr-PVC-weiss-DN-75-2500-mm-lang-e1763887150907.jpg;51437;41c58b765907544fb75a2028ba6369c88320625abd3e722977d1d8b58d83545a;Fallrohr-PVC-weiss-DN-75-2500-mm-lang-e1763887150907.jpg;https://raw.githubusercontent.com/grey8187/Billbee-Bilder/main/Fallrohr-PVC-weiss-DN-75-2500-mm-lang-e1763887150907.jpg;https://www.stegplattenversand.de/bilder/Fallrohr-PVC-weiss-DN-75-2500-mm-lang-e1763887150907.jpg
Fallrohrschelle-Clip-PVC-anthrazit-DN-75.jpg;19983;3808025b9ed4bd7009154533a5ce54e6bcd05e2a792247599c9d2bf23176b0ee;Fallrohrschelle-Clip-PVC-anthrazit-DN-75.jpg;https://raw.githubusercontent.com/grey8187/Billbee-Bilder/main/Fallrohrschelle-Clip-PVC-anthrazit-DN-75.jpg;https://www.stegplattenversand.de/bilder/Fallrohrschelle-Clip-PVC-anthrazit-DN-75.jpg
Fallrohrschelle-Clip-PVC-grau-DN-75.jpg;19980;b3bde612052b53bf2a957832d03cda40ce3d3378b662702c193b28f864ce6d5b;426758_01.jpg;https://raw.githubusercontent.com/grey8187/Billbee-Bilder/main/Fallrohrschelle-Clip-PVC-grau-DN-75.jpg;https://www.stegplattenversand.de/bilder/Fallrohrschelle-Clip-PVC-grau-DN-75.jpg
Fallrohrschelle-Clip-PVC-weiss-DN-75.jpg;14394;14737e36f8911e3c4b1d8f5941613c40ae23ff046ce9dda1d4b86cc43ade0c85;Fallrohrschelle-Clip-PVC-weiss-DN-75.jpg;https://raw.githubusercontent.com/grey8187/Billbee-Bilder/main/Fallrohrschelle-Clip-PVC-weiss-DN-75.jpg;https://www.stegplattenversand.de/bilder/Fallrohrschelle-Clip-PVC-weiss-DN-75.jpg
Glas-Rippendichtung-hellgrau-Glas-Profilsysteme.jpg;158766;6a9317f1732f4765851d2cfd8bb77b7ccf6f1aa9e244bce67c04206244c0a646;Glas-Rippendichtung-hellgrau-Glas-Profilsysteme.jpg;https://raw.githubusercontent.com/grey8187/Billbee-Bilder/main/Glas-Rippendichtung-hellgrau-Glas-Profilsysteme.jpg;https://www.stegplattenversand.de/bilder/Glas-Rippendichtung-hellgrau-Glas-Profilsysteme.jpg
Glashaltewinkel-Alu-pressblank-60-mm-breit-fuer-Glasprofile.jpg;135659;7cc6a700ca7b60802afae33363f267035ab446762835af8d058c5f6caa1bcb36;422027_01.jpg;https://raw.githubusercontent.com/grey8187/Billbee-Bilder/main/Glashaltewinkel-Alu-pressblank-60-mm-breit-fuer-Glasprofile.jpg;https://www.stegplattenversand.de/bilder/Glashaltewinkel-Alu-pressblank-60-mm-breit-fuer-Glasprofile.jpg
Glashaltewinkel-Alu-pressblank-80-mm-breit-fuer-Glasprofile.jpg;145392;47690d4e0c31d0deef72a55ff21e1f3c26c9d0bf04771013352a03ea47a50dd1;422027_04.jpg;https://raw.githubusercontent.com/grey8187/Billbee-Bilder/main/Glashaltewinkel-Alu-pressblank-80-mm-breit-fuer-Glasprofile.jpg;https://www.stegplattenversand.de/bilder/Glashaltewinkel-Alu-pressblank-80-mm-breit-fuer-Glasprofile.jpg
Glashaltewinkel-Alu-weiss-60-mm-breit-fuer-Glasprofile.jpg;87682;33c0e83a8cdcdea6c2ecdeed7d1b09795903b48449d173f8d0922496177b9960;422027_02.jpg;https://raw.githubusercontent.com/grey8187/Billbee-Bilder/main/Glashaltewinkel-Alu-weiss-60-mm-breit-fuer-Glasprofile.jpg;https://www.stegplattenversand.de/bilder/Glashaltewinkel-Alu-weiss-60-mm-breit-fuer-Glasprofile.jpg
Glashaltewinkel-Alu-weiss-80-mm-breit-fuer-Glasprofile.jpg;90444;0c5baa5be30bd472e716d8d9a555e9ba7f1199ec4dcff1397d021d9a9374e4c1;422027_03.jpg;https://raw.githubusercontent.com/grey8187/Billbee-Bilder/main/Glashaltewinkel-Alu-weiss-80-mm-breit-fuer-Glasprofile.jpg;https://www.stegplattenversand.de/bilder/Glashaltewinkel-Alu-weiss-80-mm-breit-fuer-Glasprofile.jpg
Gummidichtung-fuer-Stegplatten-Lippendichtung-Aluprofil.jpg;134983;2c03681ab5559c01e116de797f1eca65d2d3d3e769dca4c17e2a9800c0c0fed2;427300_02.jpg;https://raw.githubusercontent.com/grey8187/Billbee-Bilder/main/Gummidichtung-fuer-Stegplatten-Lippendichtung-Aluprofil.jpg;https://www.stegplattenversand.de/bilder/Gummidichtung-fuer-Stegplatten-Lippendichtung-Aluprofil.jpg
Gummidichtung-fuer-Stegplatten-auflagegummi-16-mm-profil.jpg;268740;9a19cdd14e0f2f7c3c9050b38b4d3283e4338d95977b58c8ee01709eeac8715f;Gummidichtung-fuer-Stegplatten-auflagegummi-16-mm-profil.jpg;https://raw.githubusercontent.com/grey8187/Billbee-Bilder/main/Gummidichtung-fuer-Stegplatten-auflagegummi-16-mm-profil.jpg;https://www.stegplattenversand.de/bilder/Gummidichtung-fuer-Stegplatten-auflagegummi-16-mm-profil.jpg
Gummidichtung-fuer-Stegplatten-auflagegummi-8-und-10-mm-profil.jpg;205001;d338a9d9f33bd8e16f3245da5b60d7a0289f55a029dab610876d0b9f3b3f1396;422198_01.jpg;https://raw.githubusercontent.com/grey8187/Billbee-Bilder/main/Gummidichtung-fuer-Stegplatten-auflagegummi-8-und-10-mm-profil.jpg;https://www.stegplattenversand.de/bilder/Gummidichtung-fuer-Stegplatten-auflagegummi-8-und-10-mm-profil.jpg
Gummidichtung-fuer-Terrassendach-querpfettendichtung.jpg;127249;728bb7dd52b919a66178784b1f54d9290f7cdbf370f0a1b233048b510d421248;427300_03.jpg;https://raw.githubusercontent.com/grey8187/Billbee-Bilder/main/Gummidichtung-fuer-Terrassendach-querpfettendichtung.jpg;https://www.stegplattenversand.de/bilder/Gummidichtung-fuer-Terrassendach-querpfettendichtung.jpg
HPL-Kronoart-Fertigungsprogramm-Alby-Blue-566x566-1.jpg;14248;d344ba368570e0aacb70d53cafc8c50311218cb2fd6e4382167eb016f1b69fad;HPL-Kronoart-Fertigungsprogramm-Alby-Blue-566x566-1.jpg;https://raw.githubusercontent.com/grey8187/Billbee-Bilder/main/HPL-Kronoart-Fertigungsprogramm-Alby-Blue-566x566-1.jpg;https://www.stegplattenversand.de/bilder/HPL-Kronoart-Fertigungsprogramm-Alby-Blue-566x566-1.jpg
HPL-Platte-Kronoart-Graphit-Grau-1-566x566-1.jpg;14815;5f46017947aaef4bf090e2aeb2797ef7c4895695c765414361c9ebda46cf185c;HPL-Platte-Kronoart-Graphit-Grau-1-566x566-1.jpg;https://raw.githubusercontent.com/grey8187/Billbee-Bilder/main/HPL-Platte-Kronoart-Graphit-Grau-1-566x566-1.jpg;https://www.stegplattenversand.de/bilder/HPL-Platte-Kronoart-Graphit-Grau-1-566x566-1.jpg
HPL-Platte-Kronoart-Schwarz-566x566-1.jpg;25266;02df94a5a7aef504ccc53bb036d247f077c3b2a602e00dfb470cb79e4ed92b16;25593_01.jpg;https://raw.githubusercontent.com/grey8187/Billbee-Bilder/main/HPL-Platte-Kronoart-Schwarz-566x566-1.jpg;https://www.stegplattenversand.de/bilder/HPL-Platte-Kronoart-Schwarz-566x566-1.jpg
HPL-Platte-Kronoart-Sonnenschein-566x566-1.jpg;16602;1f32aa184825597768b38b8750af4fb2508d2e1795b6234598f65181fd332df2;424343_01.jpg;https://raw.githubusercontent.com/grey8187/Billbee-Bilder/main/HPL-Platte-Kronoart-Sonnenschein-566x566-1.jpg;https://www.stegplattenversand.de/bilder/HPL-Platte-Kronoart-Sonnenschein-566x566-1.jpg
HPL-Platte-Kronoplan-Kaltes-Grau-566x566-1.jpg;13007;b0bbb8fa44d97d20c61d93e670261d59811665698dfce3e5f077965748b5ed00;HPL-Platte-Kronoplan-Kaltes-Grau-566x566-1.jpg;https://raw.githubusercontent.com/grey8187/Billbee-Bilder/main/HPL-Platte-Kronoplan-Kaltes-Grau-566x566-1.jpg;https://www.stegplattenversand.de/bilder/HPL-Platte-Kronoplan-Kaltes-Grau-566x566-1.jpg
HPL-Platte-Kronoplan-Magnolie-566x566-1.jpg;13487;caa4597c53f8f5c2bbffa7e17dd0806f6f8d637205393158b0998c82c5dc6255;HPL-Platte-Kronoplan-Magnolie-566x566-1.jpg;https://raw.githubusercontent.com/grey8187/Billbee-Bilder/main/HPL-Platte-Kronoplan-Magnolie-566x566-1.jpg;https://www.stegplattenversand.de/bilder/HPL-Platte-Kronoplan-Magnolie-566x566-1.jpg
HPL-Platte-Kronoplan-Ozean-Grau-566x566-1.jpg;12298;4064a096f0d02da22a3ba0bf3ba9813cc9baa10a5ee8c46a61c5a320c978e8fb;416225_01.jpg;https://raw.githubusercontent.com/grey8187/Billbee-Bilder/main/HPL-Platte-Kronoplan-Ozean-Grau-566x566-1.jpg;https://www.stegplattenversand.de/bilder/HPL-Platte-Kronoplan-Ozean-Grau-566x566-1.jpg
HPL-Platte-Kronoplan-Porzellan-Weiss-1-566x566-1.jpg;13653;be9934ae4952ed8acff89a51adce6400a8949efa9648891034e274a5776afd19;HPL-Platte-Kronoplan-Porzellan-Weiss-1-566x566-1.jpg;https://raw.githubusercontent.com/grey8187/Billbee-Bilder/main/HPL-Platte-Kronoplan-Porzellan-Weiss-1-566x566-1.jpg;https://www.stegplattenversand.de/bilder/HPL-Platte-Kronoplan-Porzellan-Weiss-1-566x566-1.jpg
HPL-Platte-Kronoplan-Sand-1-566x566-1.jpg;13421;3f28ea84863dbbaf65d520daf939002ca57cda2cbee1000e11efc54426fda156;402071_01.jpg;https://raw.githubusercontent.com/grey8187/Billbee-Bilder/main/HPL-Platte-Kronoplan-Sand-1-566x566-1.jpg;https://www.stegplattenversand.de/bilder/HPL-Platte-Kronoplan-Sand-1-566x566-1.jpg
HPL-Platte-Kronoplan-Stein-Grau-566x566-1.jpg;11937;22a0bc647cca08a1cad0c9fbbd04a1db6f5e81ca527a05994b763e2904bbcfa4;HPL-Platte-Kronoplan-Stein-Grau-566x566-1.jpg;https://raw.githubusercontent.com/grey8187/Billbee-Bilder/main/HPL-Platte-Kronoplan-Stein-Grau-566x566-1.jpg;https://www.stegplattenversand.de/bilder/HPL-Platte-Kronoplan-Stein-Grau-566x566-1.jpg
HPL-Platte-Lagerprogramm-Kronoart-Anthrazit-566x566-1.jpg;13324;3ceedb2972fc86112273b92e468297cdf452200ae7fb9eb22456bdd87e570fc0;HPL-Platte-Lagerprogramm-Kronoart-Anthrazit-566x566-1.jpg;https://raw.githubusercontent.com/grey8187/Billbee-Bilder/main/HPL-Platte-Lagerprogramm-Kronoart-Anthrazit-566x566-1.jpg;https://www.stegplattenversand.de/bilder/HPL-Platte-Lagerprogramm-Kronoart-Anthrazit-566x566-1.jpg
HPL-Platte-Lagerprogramm-Kronoart-Beige-566x566-1.jpg;13152;e77139ce62a33b30e83e6a21f2bdd7a75571238424003296813309983270160b;HPL-Platte-Lagerprogramm-Kronoart-Beige-566x566-1.jpg;https://raw.githubusercontent.com/grey8187/Billbee-Bilder/main/HPL-Platte-Lagerprogramm-Kronoart-Beige-566x566-1.jpg;https://www.stegplattenversand.de/bilder/HPL-Platte-Lagerprogramm-Kronoart-Beige-566x566-1.jpg
HPL-Platte-Lagerprogramm-Kronoart-Ceramic-Red-566x566-1.jpg;14483;92b3ada0c4cb44a80509149be437e986ab9900c241ac725a3b95268925fc9c61;HPL-Platte-Lagerprogramm-Kronoart-Ceramic-Red-566x566-1.jpg;https://raw.githubusercontent.com/grey8187/Billbee-Bilder/main/HPL-Platte-Lagerprogramm-Kronoart-Ceramic-Red-566x566-1.jpg;https://www.stegplattenversand.de/bilder/HPL-Platte-Lagerprogramm-Kronoart-Ceramic-Red-566x566-1.jpg
HPL-Platte-Lagerprogramm-Kronoart-Chilli-Red-566x566-1.jpg;14911;768491d6e16baeea2bf3a82d2ae45be9a9fed43442e0b2d1cb3ad8553e2a71fd;HPL-Platte-Lagerprogramm-Kronoart-Chilli-Red-566x566-1.jpg;https://raw.githubusercontent.com/grey8187/Billbee-Bilder/main/HPL-Platte-Lagerprogramm-Kronoart-Chilli-Red-566x566-1.jpg;https://www.stegplattenversand.de/bilder/HPL-Platte-Lagerprogramm-Kronoart-Chilli-Red-566x566-1.jpg
HPL-Platte-Lagerprogramm-Kronoart-Dunkel-Braun-566x566-1.jpg;13592;7ec99c9b7c4bc5835df125513c2daf4a1a344c1ebe1c1e5bd3dae3f44e88adf9;HPL-Platte-Lagerprogramm-Kronoart-Dunkel-Braun-566x566-1.jpg;https://raw.githubusercontent.com/grey8187/Billbee-Bilder/main/HPL-Platte-Lagerprogramm-Kronoart-Dunkel-Braun-566x566-1.jpg;https://www.stegplattenversand.de/bilder/HPL-Platte-Lagerprogramm-Kronoart-Dunkel-Braun-566x566-1.jpg
HPL-Platte-Lagerprogramm-Kronoart-Graphit-Grau-566x566-1.jpg;13237;3dce7083ebcb0cd0a50d8dcb8d40953ac6f49740086496d03a636adda63096ae;HPL-Platte-Lagerprogramm-Kronoart-Graphit-Grau-566x566-1.jpg;https://raw.githubusercontent.com/grey8187/Billbee-Bilder/main/HPL-Platte-Lagerprogramm-Kronoart-Graphit-Grau-566x566-1.jpg;https://www.stegplattenversand.de/bilder/HPL-Platte-Lagerprogramm-Kronoart-Graphit-Grau-566x566-1.jpg
HPL-Platte-Lagerprogramm-Kronoart-Navy-Blue-566x566-1.jpg;14087;c6fdc5701ad26f7b69fec00b351e34e006257019bd4a5ee8f204edad7a754ca0;HPL-Platte-Lagerprogramm-Kronoart-Navy-Blue-566x566-1.jpg;https://raw.githubusercontent.com/grey8187/Billbee-Bilder/main/HPL-Platte-Lagerprogramm-Kronoart-Navy-Blue-566x566-1.jpg;https://www.stegplattenversand.de/bilder/HPL-Platte-Lagerprogramm-Kronoart-Navy-Blue-566x566-1.jpg
HPL-Platte-Lagerprogramm-Kronoart-Oxid-Gruen-566x566-1.jpg;14267;3242538799c2e20050ba369bb23779d4efe51a425829aeff9d30b5b67ab097a7;HPL-Platte-Lagerprogramm-Kronoart-Oxid-Gruen-566x566-1.jpg;https://raw.githubusercontent.com/grey8187/Billbee-Bilder/main/HPL-Platte-Lagerprogramm-Kronoart-Oxid-Gruen-566x566-1.jpg;https://www.stegplattenversand.de/bilder/HPL-Platte-Lagerprogramm-Kronoart-Oxid-Gruen-566x566-1.jpg
HPL-Platte-Lagerprogramm-Kronoart-Oxid-Rot-566x566-1.jpg;14190;de4c3bb674899a3d9689ec0ba0cb33d8bac808e066632cf97f137916bc2c1f47;HPL-Platte-Lagerprogramm-Kronoart-Oxid-Rot-566x566-1.jpg;https://raw.githubusercontent.com/grey8187/Billbee-Bilder/main/HPL-Platte-Lagerprogramm-Kronoart-Oxid-Rot-566x566-1.jpg;https://www.stegplattenversand.de/bilder/HPL-Platte-Lagerprogramm-Kronoart-Oxid-Rot-566x566-1.jpg
HPL-Platte-Lagerprogramm-Kronoart-Royal-Blue-566x566-1.jpg;15018;3ef7714fdc6729ad97405481c2009a81a7793d97701cec77728b4692da647735;HPL-Platte-Lagerprogramm-Kronoart-Royal-Blue-566x566-1.jpg;https://raw.githubusercontent.com/grey8187/Billbee-Bilder/main/HPL-Platte-Lagerprogramm-Kronoart-Royal-Blue-566x566-1.jpg;https://www.stegplattenversand.de/bilder/HPL-Platte-Lagerprogramm-Kronoart-Royal-Blue-566x566-1.jpg
HPL-Platte-Lagerprogramm-Kronoart-Satin-566x566-2.jpg;13069;8ec1d86b6e228ec58b4ee1bfa666ef6ebf4061bfe3c86f8b50e2c672e694ac6b;HPL-Platte-Lagerprogramm-Kronoart-Satin-566x566-2.jpg;https://raw.githubusercontent.com/grey8187/Billbee-Bilder/main/HPL-Platte-Lagerprogramm-Kronoart-Satin-566x566-2.jpg;https://www.stegplattenversand.de/bilder/HPL-Platte-Lagerprogramm-Kronoart-Satin-566x566-2.jpg
HPL-Platte-Lagerprogramm-Kronoart-Schwarz-566x566-1.jpg;13387;7a3cdf2d3d14a016d169f5cb778aaa7e2bd854de53e94084fcb198c778620116;HPL-Platte-Lagerprogramm-Kronoart-Schwarz-566x566-1.jpg;https://raw.githubusercontent.com/grey8187/Billbee-Bilder/main/HPL-Platte-Lagerprogramm-Kronoart-Schwarz-566x566-1.jpg;https://www.stegplattenversand.de/bilder/HPL-Platte-Lagerprogramm-Kronoart-Schwarz-566x566-1.jpg
Kategoriebild-Doppelstegplaten-Hohlkammerplatten-Stegplatten.jpg;463440;e5927ee456783248638a4c196e2fa2a7dcbf407e3c34dc0628b806d2af668daf;436249_01.jpg;https://raw.githubusercontent.com/grey8187/Billbee-Bilder/main/Kategoriebild-Doppelstegplaten-Hohlkammerplatten-Stegplatten.jpg;https://www.stegplattenversand.de/bilder/Kategoriebild-Doppelstegplaten-Hohlkammerplatten-Stegplatten.jpg
Kategoriebild-gfk-wellplatten-177-51-duraclad.jpg;71421;fd84d25025da66e1477fb1666fb7693f27887a0c2985dae532537500b4fd8932;423361_01.jpg;https://raw.githubusercontent.com/grey8187/Billbee-Bilder/main/Kategoriebild-gfk-wellplatten-177-51-duraclad.jpg;https://www.stegplattenversand.de/bilder/Kategoriebild-gfk-wellplatten-177-51-duraclad.jpg
Klemmdeckel-60-mm-Aluminium-Alu-anthrazit-alle-Profilsysteme-60mm-breit-e1763887756340.jpg;45505;d4aa41b9b1fddd3fc7c396fd9aece5e411ae233564cc8b28ce27aaedd77f8c6f;419649_01.jpg;https://raw.githubusercontent.com/grey8187/Billbee-Bilder/main/Klemmdeckel-60-mm-Aluminium-Alu-anthrazit-alle-Profilsysteme-60mm-breit-e1763887756340.jpg;https://www.stegplattenversand.de/bilder/Klemmdeckel-60-mm-Aluminium-Alu-anthrazit-alle-Profilsysteme-60mm-breit-e1763887756340.jpg
Klemmdeckel-60-mm-Aluminium-Alu-braun-alle-Profilsysteme-60mm-breit-e1763887766942.jpg;41760;d2db1c96b6976e44d9c7ba17a6d5a5eaf2072f20704024076e9ee74424164e4f;Klemmdeckel-60-mm-Aluminium-Alu-braun-alle-Profilsysteme-60mm-breit-e1763887766942.jpg;https://raw.githubusercontent.com/grey8187/Billbee-Bilder/main/Klemmdeckel-60-mm-Aluminium-Alu-braun-alle-Profilsysteme-60mm-breit-e1763887766942.jpg;https://www.stegplattenversand.de/bilder/Klemmdeckel-60-mm-Aluminium-Alu-braun-alle-Profilsysteme-60mm-breit-e1763887766942.jpg
Klemmdeckel-60-mm-Aluminium-Alu-pressblank-alle-Profilsysteme-60mm-breit-e1763887777847.jpg;70754;42fe6e5a723606d201e468f66ff284d0624d3bd93f40eccbddb923410f536278;Klemmdeckel-60-mm-Aluminium-Alu-pressblank-alle-Profilsysteme-60mm-breit-e1763887777847.jpg;https://raw.githubusercontent.com/grey8187/Billbee-Bilder/main/Klemmdeckel-60-mm-Aluminium-Alu-pressblank-alle-Profilsysteme-60mm-breit-e1763887777847.jpg;https://www.stegplattenversand.de/bilder/Klemmdeckel-60-mm-Aluminium-Alu-pressblank-alle-Profilsysteme-60mm-breit-e1763887777847.jpg
Klemmdeckel-60-mm-Aluminium-Alu-weiss-alle-Profilsysteme-60mm-breit-e1763887786514.jpg;28226;11bfcfb5d0bb058d398139ec01f1db2c0a81ff1a7a9025dcb1d96faad4556cd2;Klemmdeckel-60-mm-Aluminium-Alu-weiss-alle-Profilsysteme-60mm-breit-e1763887786514.jpg;https://raw.githubusercontent.com/grey8187/Billbee-Bilder/main/Klemmdeckel-60-mm-Aluminium-Alu-weiss-alle-Profilsysteme-60mm-breit-e1763887786514.jpg;https://www.stegplattenversand.de/bilder/Klemmdeckel-60-mm-Aluminium-Alu-weiss-alle-Profilsysteme-60mm-breit-e1763887786514.jpg
Mittelprofil-Alu-Alu-Isoglas-Alu-Glasprofil.jpg;221290;bb4742e6fa7bf48fe6386fcfc156b66945cfb120660f65525dc3c90bea52ce33;421708_01.jpg;https://raw.githubusercontent.com/grey8187/Billbee-Bilder/main/Mittelprofil-Alu-Alu-Isoglas-Alu-Glasprofil.jpg;https://www.stegplattenversand.de/bilder/Mittelprofil-Alu-Alu-Isoglas-Alu-Glasprofil.jpg
Mittelprofil-Alu-Gummi-Alu-Glasprofil-ESG-VSG.jpg;228297;c733c6371eba41a5e8de8ab1804584190c9872d80ac9145b7cd1aa95a5e19e14;421427_01.jpg;https://raw.githubusercontent.com/grey8187/Billbee-Bilder/main/Mittelprofil-Alu-Gummi-Alu-Glasprofil-ESG-VSG.jpg;https://www.stegplattenversand.de/bilder/Mittelprofil-Alu-Gummi-Alu-Glasprofil-ESG-VSG.jpg
PVC-Firstprofil-Sinus-177-51-1097-mm-zweiteilig.jpg;62062;123ed2fd2079b0386d954d2be0261a697fbf480e0629af5566f8053855e3e6bb;429281_02.jpg;https://raw.githubusercontent.com/grey8187/Billbee-Bilder/main/PVC-Firstprofil-Sinus-177-51-1097-mm-zweiteilig.jpg;https://www.stegplattenversand.de/bilder/PVC-Firstprofil-Sinus-177-51-1097-mm-zweiteilig.jpg
PVC-Firstprofil-Sinus-76-18-1106-mm-zweiteilig.jpg;59339;d53899532e8e687aae4b93600ce6c877779e20aa1120dbd639b4b0c6d19c0329;429281_03.jpg;https://raw.githubusercontent.com/grey8187/Billbee-Bilder/main/PVC-Firstprofil-Sinus-76-18-1106-mm-zweiteilig.jpg;https://www.stegplattenversand.de/bilder/PVC-Firstprofil-Sinus-76-18-1106-mm-zweiteilig.jpg
Polycarbonat-Platte-GP-UV-EXOLON.jpg;130936;386a59b2964cd9c92d6986a6685e8597dcbd83b75ece2274dcf7c2a8a8becc0f;434814_01.jpg;https://raw.githubusercontent.com/grey8187/Billbee-Bilder/main/Polycarbonat-Platte-GP-UV-EXOLON.jpg;https://www.stegplattenversand.de/bilder/Polycarbonat-Platte-GP-UV-EXOLON.jpg
Polycarbonat-Platte-UV-bronze-grau-EXOLON.jpg;117662;cd4d01d2de0e0b54d29fed15e29b77690f6408d8e8f4da78514dc884bb22c80a;435156_01.jpg;https://raw.githubusercontent.com/grey8187/Billbee-Bilder/main/Polycarbonat-Platte-UV-bronze-grau-EXOLON.jpg;https://www.stegplattenversand.de/bilder/Polycarbonat-Platte-UV-bronze-grau-EXOLON.jpg
Polycarbonat-Wellplatten-bronze-braun-wabe-Sinus-76-18-garantiert-hagelsicher.jpg;101826;c0efe489d38e1b2c4fcd1fc62375ab34300e9c861a8bfe8bea1a965514de34eb;423160_04.jpg;https://raw.githubusercontent.com/grey8187/Billbee-Bilder/main/Polycarbonat-Wellplatten-bronze-braun-wabe-Sinus-76-18-garantiert-hagelsicher.jpg;https://www.stegplattenversand.de/bilder/Polycarbonat-Wellplatten-bronze-braun-wabe-Sinus-76-18-garantiert-hagelsicher.jpg
Polycarbonat-Wellplatten-farblos-klar-glatt-Sinus-76-18-garantiert-hagelsicher.jpg;33680;5dfc54b51ed86e49eb17d89cb71acb6a3fc92f38baf7fd92cde64eae5e96ff7e;423160_05.jpg;https://raw.githubusercontent.com/grey8187/Billbee-Bilder/main/Polycarbonat-Wellplatten-farblos-klar-glatt-Sinus-76-18-garantiert-hagelsicher.jpg;https://www.stegplattenversand.de/bilder/Polycarbonat-Wellplatten-farblos-klar-glatt-Sinus-76-18-garantiert-hagelsicher.jpg
Polycarbonat-Wellplatten-farblos-klar-wabe-Sinus-76-18-garantiert-hagelsicher.jpg;100952;e626a6f0c169710d009249b55aa42f5e9e56fa535a88cdd14c266abefb47e7a8;423160_02.jpg;https://raw.githubusercontent.com/grey8187/Billbee-Bilder/main/Polycarbonat-Wellplatten-farblos-klar-wabe-Sinus-76-18-garantiert-hagelsicher.jpg;https://www.stegplattenversand.de/bilder/Polycarbonat-Wellplatten-farblos-klar-wabe-Sinus-76-18-garantiert-hagelsicher.jpg
Polycarbonat-Wellplatten-graphit-grau-wabe-Sinus-76-18-garantiert-hagelsicher.jpg;110609;28ba8485015bb4b41e328ec9a602b0b14a712dfce0428da334bf04844dd077e7;423160_03.jpg;https://raw.githubusercontent.com/grey8187/Billbee-Bilder/main/Polycarbonat-Wellplatten-graphit-grau-wabe-Sinus-76-18-garantiert-hagelsicher.jpg;https://www.stegplattenversand.de/bilder/Polycarbonat-Wellplatten-graphit-grau-wabe-Sinus-76-18-garantiert-hagelsicher.jpg
Profilfueller-Sinus-Profil-177-51-e1763887035341.jpg;64098;81e8f33a3ce12751c49d3b7a92bbb972b4aada8b582492050cf57f2db627d8a8;427242_01.jpg;https://raw.githubusercontent.com/grey8187/Billbee-Bilder/main/Profilfueller-Sinus-Profil-177-51-e1763887035341.jpg;https://www.stegplattenversand.de/bilder/Profilfueller-Sinus-Profil-177-51-e1763887035341.jpg
Profilfueller-Sinus-Profil-76-18-e1763887049774.jpg;90267;9211bf8e2a742ea327ca8b7c0cf7018d767d7ae6c217292d70c7ec8c6a96cbb4;Profilfueller-Sinus-Profil-76-18-e1763887049774.jpg;https://raw.githubusercontent.com/grey8187/Billbee-Bilder/main/Profilfueller-Sinus-Profil-76-18-e1763887049774.jpg;https://www.stegplattenversand.de/bilder/Profilfueller-Sinus-Profil-76-18-e1763887049774.jpg
Profilfueller-Trapez-Profil-70-18-e1763887015211.jpg;68964;67a6b15805fbc0a310918296246e7935783564e20d403d2ebe4e1db80759f128;Profilfueller-Trapez-Profil-70-18-e1763887015211.jpg;https://raw.githubusercontent.com/grey8187/Billbee-Bilder/main/Profilfueller-Trapez-Profil-70-18-e1763887015211.jpg;https://www.stegplattenversand.de/bilder/Profilfueller-Trapez-Profil-70-18-e1763887015211.jpg
Pvc-platten-Spundwand-farblos-klar-trapez-70-18-Renolit-Ondex-HR-Sollux-Profilplatten.jpg;65508;1ec13e0473f4829c784e08bf519fd612101c8722bcaa73e218e2fb871f65d3f5;Pvc-platten-Spundwand-farblos-klar-trapez-70-18-Renolit-Ondex-HR-Sollux-Profilplatten.jpg;https://raw.githubusercontent.com/grey8187/Billbee-Bilder/main/Pvc-platten-Spundwand-farblos-klar-trapez-70-18-Renolit-Ondex-HR-Sollux-Profilplatten.jpg;https://www.stegplattenversand.de/bilder/Pvc-platten-Spundwand-farblos-klar-trapez-70-18-Renolit-Ondex-HR-Sollux-Profilplatten.jpg
Randprofil-Alu-Alu-Isoglas-Alu-Glasprofil.jpg;209880;4627fba707a8cf5aca0f0f6643ca6f65e35f9f8d76c024edcf47cafb452a0ebb;421801_01.jpg;https://raw.githubusercontent.com/grey8187/Billbee-Bilder/main/Randprofil-Alu-Alu-Isoglas-Alu-Glasprofil.jpg;https://www.stegplattenversand.de/bilder/Randprofil-Alu-Alu-Isoglas-Alu-Glasprofil.jpg
Randprofil-Alu-Gummi-Alu-Glasprofil-ESG-VSG.jpg;221385;34011a355d63947eb04c61adb63d8fb36ed9d5e25c88ea5880ea8b650e82c0e6;421427_03.jpg;https://raw.githubusercontent.com/grey8187/Billbee-Bilder/main/Randprofil-Alu-Gummi-Alu-Glasprofil-ESG-VSG.jpg;https://www.stegplattenversand.de/bilder/Randprofil-Alu-Gummi-Alu-Glasprofil-ESG-VSG.jpg
Rinnenendstueck-Alu-anthrazit-110-80.jpg;120444;830f4ce0e080ae6d1eefb8cb9e576f856748c0563417c519166da4d1807d8bc9;Rinnenendstueck-Alu-anthrazit-110-80.jpg;https://raw.githubusercontent.com/grey8187/Billbee-Bilder/main/Rinnenendstueck-Alu-anthrazit-110-80.jpg;https://www.stegplattenversand.de/bilder/Rinnenendstueck-Alu-anthrazit-110-80.jpg
Rinnenendstueck-Alu-pressblank-110-80.jpg;103155;39603641fe5f09c68b70a1127d43f1b49ef90b4c7177ced1b5b2cb4c0547d661;426825_01.jpg;https://raw.githubusercontent.com/grey8187/Billbee-Bilder/main/Rinnenendstueck-Alu-pressblank-110-80.jpg;https://www.stegplattenversand.de/bilder/Rinnenendstueck-Alu-pressblank-110-80.jpg
Rinnenendstueck-Alu-weiss-110-80.jpg;82710;ee7b8a8190996eae253aeb5955be361396375092a97d330a09b968e159130234;Rinnenendstueck-Alu-weiss-110-80.jpg;https://raw.githubusercontent.com/grey8187/Billbee-Bilder/main/Rinnenendstueck-Alu-weiss-110-80.jpg;https://www.stegplattenversand.de/bilder/Rinnenendstueck-Alu-weiss-110-80.jpg
Rohrbogen-45-PVC-grau-grad-DN75.jpg;160075;3cb5933433ad0a7cb2f356a874716f5a49c80b3d59ea5ffb459299e6dde0bcad;426813_01.jpg;https://raw.githubusercontent.com/grey8187/Billbee-Bilder/main/Rohrbogen-45-PVC-grau-grad-DN75.jpg;https://www.stegplattenversand.de/bilder/Rohrbogen-45-PVC-grau-grad-DN75.jpg
Rohrbogen-45-grad-PVC-anthrazit-DN75.jpg;177086;7e399189ce2cfd8566dc84f28359104c3b4fe7d201061f5899fcff7ee56998a1;Rohrbogen-45-grad-PVC-anthrazit-DN75.jpg;https://raw.githubusercontent.com/grey8187/Billbee-Bilder/main/Rohrbogen-45-grad-PVC-anthrazit-DN75.jpg;https://www.stegplattenversand.de/bilder/Rohrbogen-45-grad-PVC-anthrazit-DN75.jpg
Rohrbogen-45-grad-PVC-weiss-DN75.jpg;140642;712e96e352471f999d915273ba2bcafc7315f45af85c11f869d34130f207e959;Rohrbogen-45-grad-PVC-weiss-DN75.jpg;https://raw.githubusercontent.com/grey8187/Billbee-Bilder/main/Rohrbogen-45-grad-PVC-weiss-DN75.jpg;https://www.stegplattenversand.de/bilder/Rohrbogen-45-grad-PVC-weiss-DN75.jpg
Rohrmuffe-PVC-anthrazit-zum-Stecken.jpg;154079;631c9716b7c6635e915b1ce59c43ec93876e16f1918805e2a274f8854877c622;Rohrmuffe-PVC-anthrazit-zum-Stecken.jpg;https://raw.githubusercontent.com/grey8187/Billbee-Bilder/main/Rohrmuffe-PVC-anthrazit-zum-Stecken.jpg;https://www.stegplattenversand.de/bilder/Rohrmuffe-PVC-anthrazit-zum-Stecken.jpg
Rohrmuffe-PVC-grau-zum-Stecken.jpg;137924;14d426484eda323695faf62b88aeb2c7520f8caecd1f4762d4bda58f2d060446;426772_01.jpg;https://raw.githubusercontent.com/grey8187/Billbee-Bilder/main/Rohrmuffe-PVC-grau-zum-Stecken.jpg;https://www.stegplattenversand.de/bilder/Rohrmuffe-PVC-grau-zum-Stecken.jpg
Rohrmuffe-PVC-weiss-zum-Stecken.jpg;123221;5f6b5e8590a5e694e4d505a1908467d890f35ac6ecc46b79e00bb2a84f08d9fd;Rohrmuffe-PVC-weiss-zum-Stecken.jpg;https://raw.githubusercontent.com/grey8187/Billbee-Bilder/main/Rohrmuffe-PVC-weiss-zum-Stecken.jpg;https://www.stegplattenversand.de/bilder/Rohrmuffe-PVC-weiss-zum-Stecken.jpg
U-Profil-Alu-anthrazit-mit-Tropfkante-16-mm-e1763887458505.jpg;176971;b663c4537b864a7658b837a5288d2266a472a74503c54f653644799fb566ce0f;U-Profil-Alu-anthrazit-mit-Tropfkante-16-mm-e1763887458505.jpg;https://raw.githubusercontent.com/grey8187/Billbee-Bilder/main/U-Profil-Alu-anthrazit-mit-Tropfkante-16-mm-e1763887458505.jpg;https://www.stegplattenversand.de/bilder/U-Profil-Alu-anthrazit-mit-Tropfkante-16-mm-e1763887458505.jpg
U-Profil-Alu-anthrazit-ohne-Tropfkante-16-mm-e1765657630627.jpg;148410;c9c4ba123cb89c36b932b6da3750b4b9c03ef7de8dca84dc8e7fc2621649967b;416575_01.jpg;https://raw.githubusercontent.com/grey8187/Billbee-Bilder/main/U-Profil-Alu-anthrazit-ohne-Tropfkante-16-mm-e1765657630627.jpg;https://www.stegplattenversand.de/bilder/U-Profil-Alu-anthrazit-ohne-Tropfkante-16-mm-e1765657630627.jpg
U-Profil-Alu-braun-mit-Tropfkante-16-mm-e1763887540870.jpg;52611;76d67ceee80af027653395e90e4c9181c1bcace66c2402c9021d0b37936baa86;U-Profil-Alu-braun-mit-Tropfkante-16-mm-e1763887540870.jpg;https://raw.githubusercontent.com/grey8187/Billbee-Bilder/main/U-Profil-Alu-braun-mit-Tropfkante-16-mm-e1763887540870.jpg;https://www.stegplattenversand.de/bilder/U-Profil-Alu-braun-mit-Tropfkante-16-mm-e1763887540870.jpg
U-Profil-Alu-braun-ohne-Tropfkante-16-mm-e1763887617339.jpg;151684;aa05c59c6bbb32a587d600deccdda6704872a4ee1532873aebb80fb8ef3fe506;U-Profil-Alu-braun-ohne-Tropfkante-16-mm-e1763887617339.jpg;https://raw.githubusercontent.com/grey8187/Billbee-Bilder/main/U-Profil-Alu-braun-ohne-Tropfkante-16-mm-e1763887617339.jpg;https://www.stegplattenversand.de/bilder/U-Profil-Alu-braun-ohne-Tropfkante-16-mm-e1763887617339.jpg
U-Profil-Alu-pressblank-16-mm-ohne-Tropfkante-e1763887665837.jpg;165695;65dbbca6da3de4e9f639d73331d73b21963e4c37c4b6ef04e354c630b3adfd66;U-Profil-Alu-pressblank-16-mm-ohne-Tropfkante-e1763887665837.jpg;https://raw.githubusercontent.com/grey8187/Billbee-Bilder/main/U-Profil-Alu-pressblank-16-mm-ohne-Tropfkante-e1763887665837.jpg;https://www.stegplattenversand.de/bilder/U-Profil-Alu-pressblank-16-mm-ohne-Tropfkante-e1763887665837.jpg
U-Profil-Alu-pressblank-mit-Tropfkante-16-mm-e1763887510652.jpg;165102;b7aee2ef0e25148749ebcc1a723a41748729466ad31d8cda1c456794c8b1718a;U-Profil-Alu-pressblank-mit-Tropfkante-16-mm-e1763887510652.jpg;https://raw.githubusercontent.com/grey8187/Billbee-Bilder/main/U-Profil-Alu-pressblank-mit-Tropfkante-16-mm-e1763887510652.jpg;https://www.stegplattenversand.de/bilder/U-Profil-Alu-pressblank-mit-Tropfkante-16-mm-e1763887510652.jpg
U-Profil-Alu-weiss-mit-Tropfkante-16-mm-e1763887565500.jpg;39281;602f498dd36a36e105998485a1cd70de2780fcb45d07453f267146227aa77225;U-Profil-Alu-weiss-mit-Tropfkante-16-mm-e1763887565500.jpg;https://raw.githubusercontent.com/grey8187/Billbee-Bilder/main/U-Profil-Alu-weiss-mit-Tropfkante-16-mm-e1763887565500.jpg;https://www.stegplattenversand.de/bilder/U-Profil-Alu-weiss-mit-Tropfkante-16-mm-e1763887565500.jpg
U-Profil-Alu-weiss-ohne-Tropfkante-16-mm-e1763887650570.jpg;114896;c49ef2e5fc71394e3cf91ec110dc05906cd9ce8cd879beb7016205ea9f62d7f3;416575_02.jpg;https://raw.githubusercontent.com/grey8187/Billbee-Bilder/main/U-Profil-Alu-weiss-ohne-Tropfkante-16-mm-e1763887650570.jpg;https://www.stegplattenversand.de/bilder/U-Profil-Alu-weiss-ohne-Tropfkante-16-mm-e1763887650570.jpg
U-Profil-klar-farblos-Polycarbonat.jpg;136941;73e7b9fbc26913db8ea0fa0b89354e08eabeacb97132b3c43489d10c382cc6cd;U-Profil-klar-farblos-Polycarbonat.jpg;https://raw.githubusercontent.com/grey8187/Billbee-Bilder/main/U-Profil-klar-farblos-Polycarbonat.jpg;https://www.stegplattenversand.de/bilder/U-Profil-klar-farblos-Polycarbonat.jpg
Wandanschlussprofil-Acryl-Sinus-76-18-1045-mm-e1762850211236.jpg;101118;5d3c083c997269369c092c66533f9880f6e2ca5c20d15af2833f61908569e3b4;Wandanschlussprofil-Acryl-Sinus-76-18-1045-mm-e1762850211236.jpg;https://raw.githubusercontent.com/grey8187/Billbee-Bilder/main/Wandanschlussprofil-Acryl-Sinus-76-18-1045-mm-e1762850211236.jpg;https://www.stegplattenversand.de/bilder/Wandanschlussprofil-Acryl-Sinus-76-18-1045-mm-e1762850211236.jpg
Wandanschlussprofil-PVC-Trapez-70-18-in-1100-mm-e1762850183503.jpg;121734;5448951dfd89e0379827ae31904d9ef52c3ecd7ae1c76d5d313d88c5fe7e40c0;428862_01.jpg;https://raw.githubusercontent.com/grey8187/Billbee-Bilder/main/Wandanschlussprofil-PVC-Trapez-70-18-in-1100-mm-e1762850183503.jpg;https://www.stegplattenversand.de/bilder/Wandanschlussprofil-PVC-Trapez-70-18-in-1100-mm-e1762850183503.jpg
aluverbundplatte-alu-dibond-butlerfinish-e1763887276850.jpg;61217;d4a458619c5b657666acf9acb2bbc218c16116bc071dcd87c8886f34339ed747;aluverbundplatte-alu-dibond-butlerfinish-e1763887276850.jpg;https://raw.githubusercontent.com/grey8187/Billbee-Bilder/main/aluverbundplatte-alu-dibond-butlerfinish-e1763887276850.jpg;https://www.stegplattenversand.de/bilder/aluverbundplatte-alu-dibond-butlerfinish-e1763887276850.jpg
aluverbundplatte-alu-dibond-schwarz-butlerfinish-e1763887301410.jpg;55148;0b2cbaeb77c06fc10439dc5e1a6b4760bbc17c8306556b30aa7336f0a37a4c1e;403430_01.jpg;https://raw.githubusercontent.com/grey8187/Billbee-Bilder/main/aluverbundplatte-alu-dibond-schwarz-butlerfinish-e1763887301410.jpg;https://www.stegplattenversand.de/bilder/aluverbundplatte-alu-dibond-schwarz-butlerfinish-e1763887301410.jpg
aluverbundplatte-alucom-farbig.jpg;133040;6734f79d17b18cbd6fd633fa25928631e75467f3b1ef242a6a0ce8597afe870f;402293_01.jpg;https://raw.githubusercontent.com/grey8187/Billbee-Bilder/main/aluverbundplatte-alucom-farbig.jpg;https://www.stegplattenversand.de/bilder/aluverbundplatte-alucom-farbig.jpg
aluverbundplatte-alucom-rot-e1763887236902.jpg;66927;3c8f94c8f20dee76a505c4ad219b44da876ac2ded09b6521a98d3041f4479d5a;aluverbundplatte-alucom-rot-e1763887236902.jpg;https://raw.githubusercontent.com/grey8187/Billbee-Bilder/main/aluverbundplatte-alucom-rot-e1763887236902.jpg;https://www.stegplattenversand.de/bilder/aluverbundplatte-alucom-rot-e1763887236902.jpg
gfk-wellplatten-177-51-rot-duraclad.jpg;25342;d4158b660ddb4eb2644dced4c45743b1f56d49b986298920b5712f6c40ab5da3;gfk-wellplatten-177-51-rot-duraclad.jpg;https://raw.githubusercontent.com/grey8187/Billbee-Bilder/main/gfk-wellplatten-177-51-rot-duraclad.jpg;https://www.stegplattenversand.de/bilder/gfk-wellplatten-177-51-rot-duraclad.jpg
kategoriebild-Pvc-platten-wellplatten-spundwand-klar-farblos-Renolit-Ondex-HR-Sollux-Profilplatten.jpg;54725;80e28403161ddb3665ff41487abb2512588875a001234ab888d390a747445930;425350_01.jpg;https://raw.githubusercontent.com/grey8187/Billbee-Bilder/main/kategoriebild-Pvc-platten-wellplatten-spundwand-klar-farblos-Renolit-Ondex-HR-Sollux-Profilplatten.jpg;https://www.stegplattenversand.de/bilder/kategoriebild-Pvc-platten-wellplatten-spundwand-klar-farblos-Renolit-Ondex-HR-Sollux-Profilplatten.jpg
klemmdeckel-aluminium-alu-fur-stegplatten-dach-stegplattenversand.jpg;38318;7ee783121c8b069e05afe11b6162b95da1a20ffae370de564a07fcbb9846785e;klemmdeckel-aluminium-alu-fur-stegplatten-dach-stegplattenversand.jpg;https://raw.githubusercontent.com/grey8187/Billbee-Bilder/main/klemmdeckel-aluminium-alu-fur-stegplatten-dach-stegplattenversand.jpg;https://www.stegplattenversand.de/bilder/klemmdeckel-aluminium-alu-fur-stegplatten-dach-stegplattenversand.jpg
klemmdeckel-aluminium-anthrazit-fur-stegplatten-dach-stegplattenversand.jpg;19704;0b13e0210af7a866cc84a594fbe76c00c66e5ab20236ec41be1326d3bc09a1ae;407681_01.jpg;https://raw.githubusercontent.com/grey8187/Billbee-Bilder/main/klemmdeckel-aluminium-anthrazit-fur-stegplatten-dach-stegplattenversand.jpg;https://www.stegplattenversand.de/bilder/klemmdeckel-aluminium-anthrazit-fur-stegplatten-dach-stegplattenversand.jpg
klemmdeckel-aluminium-braun-fur-stegplatten-dach-stegplattenversand.jpg;23079;bc253585715e943adca9d1b585e48086da38770426eee553e988f00a0c0d7844;klemmdeckel-aluminium-braun-fur-stegplatten-dach-stegplattenversand.jpg;https://raw.githubusercontent.com/grey8187/Billbee-Bilder/main/klemmdeckel-aluminium-braun-fur-stegplatten-dach-stegplattenversand.jpg;https://www.stegplattenversand.de/bilder/klemmdeckel-aluminium-braun-fur-stegplatten-dach-stegplattenversand.jpg
klemmdeckel-aluminium-weiss-fur-stegplatten-dach-stegplattenversand.jpg;35100;ad461f84e18d83c3a42e4272a3c72a8e91fbe975899a9b16cf4848ac1ee6335e;klemmdeckel-aluminium-weiss-fur-stegplatten-dach-stegplattenversand.jpg;https://raw.githubusercontent.com/grey8187/Billbee-Bilder/main/klemmdeckel-aluminium-weiss-fur-stegplatten-dach-stegplattenversand.jpg;https://www.stegplattenversand.de/bilder/klemmdeckel-aluminium-weiss-fur-stegplatten-dach-stegplattenversand.jpg
wandanschlussprofil-ant2.jpg;65480;4f9aae559756ea17eb843dc333eb155fa3020dbcc5fa1ad1f944d99063bfba7e;421054_02.jpg;https://raw.githubusercontent.com/grey8187/Billbee-Bilder/main/wandanschlussprofil-ant2.jpg;https://www.stegplattenversand.de/bilder/wandanschlussprofil-ant2.jpg
wandanschlussprofil-bra2.jpg;66690;c51c51da8fc6ab97ceb24fb587da265784b60c61ff1f72dceb7f6f876e89ce05;421054_04.jpg;https://raw.githubusercontent.com/grey8187/Billbee-Bilder/main/wandanschlussprofil-bra2.jpg;https://www.stegplattenversand.de/bilder/wandanschlussprofil-bra2.jpg
wandanschlussprofil-prs.jpg;99928;93950282695892dcf437e2dc8f6a542f86cade8a52ca87a584c9baa3b7cc6c0e;421054_01.jpg;https://raw.githubusercontent.com/grey8187/Billbee-Bilder/main/wandanschlussprofil-prs.jpg;https://www.stegplattenversand.de/bilder/wandanschlussprofil-prs.jpg
wandanschlussprofil-wei2.jpg;49759;6a45e5543b6f758cea42df25142dce9d6db6f3ecfaa0a561ecbd1e690fc6d861;421054_03.jpg;https://raw.githubusercontent.com/grey8187/Billbee-Bilder/main/wandanschlussprofil-wei2.jpg;https://www.stegplattenversand.de/bilder/wandanschlussprofil-wei2.jpg
